{
"type": "FeatureCollection",
"name": "BhutanHeritageSites",
"crs": { "type": "name", "properties": { "name": "urn:ogc:def:crs:OGC:1.3:CRS84" } },
"features": [
{ "type": "Feature", "properties": { "name": "Dorjitse lhakhang", "descriptio": null, "timestamp": null, "begin": null, "end_": null, "altitudemo": null, "tessellate": -1, "extrude": 0, "visibility": -1, "draworder": 0, "icon": null, "layer": "Point data of RHS in Bumthang", "path": "E:\\BACK UP OF SANGAY'S WORKSPACE\\OFFICE WORK\\NLCS\\NSDI\\NSDI data Integration\\Data for NSDI\\Point Data of Registered HS\\Bumthang (38)\\Point data of RHS in Bumthang.shp" }, "geometry": { "type": "Point", "coordinates": [ 90.845466034157127, 27.531113936687479, 0.000000000004792 ] } },
{ "type": "Feature", "properties": { "name": "Thodrak Goenpa/Pema Yoselcholing goenpa", "descriptio": null, "timestamp": null, "begin": null, "end_": null, "altitudemo": null, "tessellate": -1, "extrude": 0, "visibility": -1, "draworder": 0, "icon": null, "layer": "Point data of RHS in Bumthang", "path": "E:\\BACK UP OF SANGAY'S WORKSPACE\\OFFICE WORK\\NLCS\\NSDI\\NSDI data Integration\\Data for NSDI\\Point Data of Registered HS\\Bumthang (38)\\Point data of RHS in Bumthang.shp" }, "geometry": { "type": "Point", "coordinates": [ 90.91246270964362, 27.675193166989366, 0.000000000004792 ] } },
{ "type": "Feature", "properties": { "name": "Bumphug lhakhang", "descriptio": null, "timestamp": null, "begin": null, "end_": null, "altitudemo": null, "tessellate": -1, "extrude": 0, "visibility": -1, "draworder": 0, "icon": null, "layer": "Point data of RHS in Bumthang", "path": "E:\\BACK UP OF SANGAY'S WORKSPACE\\OFFICE WORK\\NLCS\\NSDI\\NSDI data Integration\\Data for NSDI\\Point Data of Registered HS\\Bumthang (38)\\Point data of RHS in Bumthang.shp" }, "geometry": { "type": "Point", "coordinates": [ 90.893979863689722, 27.600180949361132, 0.000000000004792 ] } },
{ "type": "Feature", "properties": { "name": "Jog lhakhang", "descriptio": null, "timestamp": null, "begin": null, "end_": null, "altitudemo": null, "tessellate": -1, "extrude": 0, "visibility": -1, "draworder": 0, "icon": null, "layer": "Point data of RHS in Bumthang", "path": "E:\\BACK UP OF SANGAY'S WORKSPACE\\OFFICE WORK\\NLCS\\NSDI\\NSDI data Integration\\Data for NSDI\\Point Data of Registered HS\\Bumthang (38)\\Point data of RHS in Bumthang.shp" }, "geometry": { "type": "Point", "coordinates": [ 90.834479626554241, 27.575635207558747, 0.000000000004792 ] } },
{ "type": "Feature", "properties": { "name": "Tag Rinmochen Lhakhang", "descriptio": null, "timestamp": null, "begin": null, "end_": null, "altitudemo": null, "tessellate": -1, "extrude": 0, "visibility": -1, "draworder": 0, "icon": null, "layer": "Point data of RHS in Bumthang", "path": "E:\\BACK UP OF SANGAY'S WORKSPACE\\OFFICE WORK\\NLCS\\NSDI\\NSDI data Integration\\Data for NSDI\\Point Data of Registered HS\\Bumthang (38)\\Point data of RHS in Bumthang.shp" }, "geometry": { "type": "Point", "coordinates": [ 90.880501843000715, 27.579337415383712, 0.000000000004792 ] } },
{ "type": "Feature", "properties": { "name": "Ani lhakhang", "descriptio": null, "timestamp": null, "begin": null, "end_": null, "altitudemo": null, "tessellate": -1, "extrude": 0, "visibility": -1, "draworder": 0, "icon": null, "layer": "Point data of RHS in Bumthang", "path": "E:\\BACK UP OF SANGAY'S WORKSPACE\\OFFICE WORK\\NLCS\\NSDI\\NSDI data Integration\\Data for NSDI\\Point Data of Registered HS\\Bumthang (38)\\Point data of RHS in Bumthang.shp" }, "geometry": { "type": "Point", "coordinates": [ 90.885854748370249, 27.615732542651855, 0.000000000004792 ] } },
{ "type": "Feature", "properties": { "name": "Geney lhakhang", "descriptio": null, "timestamp": null, "begin": null, "end_": null, "altitudemo": null, "tessellate": -1, "extrude": 0, "visibility": -1, "draworder": 0, "icon": null, "layer": "Point data of RHS in Bumthang", "path": "E:\\BACK UP OF SANGAY'S WORKSPACE\\OFFICE WORK\\NLCS\\NSDI\\NSDI data Integration\\Data for NSDI\\Point Data of Registered HS\\Bumthang (38)\\Point data of RHS in Bumthang.shp" }, "geometry": { "type": "Point", "coordinates": [ 90.73722419246225, 27.505119544377717, 0.000000000004792 ] } },
{ "type": "Feature", "properties": { "name": "Chuche-zey lhakhang", "descriptio": null, "timestamp": null, "begin": null, "end_": null, "altitudemo": null, "tessellate": -1, "extrude": 0, "visibility": -1, "draworder": 0, "icon": null, "layer": "Point data of RHS in Bumthang", "path": "E:\\BACK UP OF SANGAY'S WORKSPACE\\OFFICE WORK\\NLCS\\NSDI\\NSDI data Integration\\Data for NSDI\\Point Data of Registered HS\\Bumthang (38)\\Point data of RHS in Bumthang.shp" }, "geometry": { "type": "Point", "coordinates": [ 90.645346027846912, 27.502154093904551, 0.000000000004792 ] } },
{ "type": "Feature", "properties": { "name": "Jampa Lhakhang", "descriptio": null, "timestamp": null, "begin": null, "end_": null, "altitudemo": null, "tessellate": -1, "extrude": 0, "visibility": -1, "draworder": 0, "icon": null, "layer": "Point data of RHS in Bumthang", "path": "E:\\BACK UP OF SANGAY'S WORKSPACE\\OFFICE WORK\\NLCS\\NSDI\\NSDI data Integration\\Data for NSDI\\Point Data of Registered HS\\Bumthang (38)\\Point data of RHS in Bumthang.shp" }, "geometry": { "type": "Point", "coordinates": [ 90.73353401568302, 27.575393225692601, 0.000000000004792 ] } },
{ "type": "Feature", "properties": { "name": "Zhapjeythang lhakhang", "descriptio": null, "timestamp": null, "begin": null, "end_": null, "altitudemo": null, "tessellate": -1, "extrude": 0, "visibility": -1, "draworder": 0, "icon": null, "layer": "Point data of RHS in Bumthang", "path": "E:\\BACK UP OF SANGAY'S WORKSPACE\\OFFICE WORK\\NLCS\\NSDI\\NSDI data Integration\\Data for NSDI\\Point Data of Registered HS\\Bumthang (38)\\Point data of RHS in Bumthang.shp" }, "geometry": { "type": "Point", "coordinates": [ 90.188142854913636, 27.617610897564013, 0.000000000004792 ] } },
{ "type": "Feature", "properties": { "name": "Chakhar lhakhang", "descriptio": null, "timestamp": null, "begin": null, "end_": null, "altitudemo": null, "tessellate": -1, "extrude": 0, "visibility": -1, "draworder": 0, "icon": null, "layer": "Point data of RHS in Bumthang", "path": "E:\\BACK UP OF SANGAY'S WORKSPACE\\OFFICE WORK\\NLCS\\NSDI\\NSDI data Integration\\Data for NSDI\\Point Data of Registered HS\\Bumthang (38)\\Point data of RHS in Bumthang.shp" }, "geometry": { "type": "Point", "coordinates": [ 90.738412662684809, 27.573788272701798, 0.000000000004792 ] } },
{ "type": "Feature", "properties": { "name": "Jakar Dzong", "descriptio": null, "timestamp": null, "begin": null, "end_": null, "altitudemo": null, "tessellate": -1, "extrude": 0, "visibility": -1, "draworder": 0, "icon": null, "layer": "Point data of RHS in Bumthang", "path": "E:\\BACK UP OF SANGAY'S WORKSPACE\\OFFICE WORK\\NLCS\\NSDI\\NSDI data Integration\\Data for NSDI\\Point Data of Registered HS\\Bumthang (38)\\Point data of RHS in Bumthang.shp" }, "geometry": { "type": "Point", "coordinates": [ 90.743540523906006, 27.549058969843642, 0.000000000004792 ] } },
{ "type": "Feature", "properties": { "name": "Ugyen Zhugthri Lhakhang", "descriptio": null, "timestamp": null, "begin": null, "end_": null, "altitudemo": null, "tessellate": -1, "extrude": 0, "visibility": -1, "draworder": 0, "icon": null, "layer": "Point data of RHS in Bumthang", "path": "E:\\BACK UP OF SANGAY'S WORKSPACE\\OFFICE WORK\\NLCS\\NSDI\\NSDI data Integration\\Data for NSDI\\Point Data of Registered HS\\Bumthang (38)\\Point data of RHS in Bumthang.shp" }, "geometry": { "type": "Point", "coordinates": [ 90.731250068836076, 27.640733348161039, 0.000000000004792 ] } },
{ "type": "Feature", "properties": { "name": "Shugdrak sengdzong lhakhang", "descriptio": null, "timestamp": null, "begin": null, "end_": null, "altitudemo": null, "tessellate": -1, "extrude": 0, "visibility": -1, "draworder": 0, "icon": null, "layer": "Point data of RHS in Bumthang", "path": "E:\\BACK UP OF SANGAY'S WORKSPACE\\OFFICE WORK\\NLCS\\NSDI\\NSDI data Integration\\Data for NSDI\\Point Data of Registered HS\\Bumthang (38)\\Point data of RHS in Bumthang.shp" }, "geometry": { "type": "Point", "coordinates": [ 90.719250619409209, 27.639139285286895, 0.000000000004792 ] } },
{ "type": "Feature", "properties": { "name": "Pema Samba lhakhang", "descriptio": null, "timestamp": null, "begin": null, "end_": null, "altitudemo": null, "tessellate": -1, "extrude": 0, "visibility": -1, "draworder": 0, "icon": null, "layer": "Point data of RHS in Bumthang", "path": "E:\\BACK UP OF SANGAY'S WORKSPACE\\OFFICE WORK\\NLCS\\NSDI\\NSDI data Integration\\Data for NSDI\\Point Data of Registered HS\\Bumthang (38)\\Point data of RHS in Bumthang.shp" }, "geometry": { "type": "Point", "coordinates": [ 90.73378588442408, 27.595020507944803, 0.000000000004792 ] } },
{ "type": "Feature", "properties": { "name": "Thangbi lhakhang", "descriptio": null, "timestamp": null, "begin": null, "end_": null, "altitudemo": null, "tessellate": -1, "extrude": 0, "visibility": -1, "draworder": 0, "icon": null, "layer": "Point data of RHS in Bumthang", "path": "E:\\BACK UP OF SANGAY'S WORKSPACE\\OFFICE WORK\\NLCS\\NSDI\\NSDI data Integration\\Data for NSDI\\Point Data of Registered HS\\Bumthang (38)\\Point data of RHS in Bumthang.shp" }, "geometry": { "type": "Point", "coordinates": [ 90.711398876702049, 27.610596246766136, 0.000000000004792 ] } },
{ "type": "Feature", "properties": { "name": "Kurjey lhakhang", "descriptio": null, "timestamp": null, "begin": null, "end_": null, "altitudemo": null, "tessellate": -1, "extrude": 0, "visibility": -1, "draworder": 0, "icon": null, "layer": "Point data of RHS in Bumthang", "path": "E:\\BACK UP OF SANGAY'S WORKSPACE\\OFFICE WORK\\NLCS\\NSDI\\NSDI data Integration\\Data for NSDI\\Point Data of Registered HS\\Bumthang (38)\\Point data of RHS in Bumthang.shp" }, "geometry": { "type": "Point", "coordinates": [ 90.73006690945347, 27.587043003442499, 0.000000000004792 ] } },
{ "type": "Feature", "properties": { "name": "Wangthang Goenpa", "descriptio": null, "timestamp": null, "begin": null, "end_": null, "altitudemo": null, "tessellate": -1, "extrude": 0, "visibility": -1, "draworder": 0, "icon": null, "layer": "Point data of RHS in Bumthang", "path": "E:\\BACK UP OF SANGAY'S WORKSPACE\\OFFICE WORK\\NLCS\\NSDI\\NSDI data Integration\\Data for NSDI\\Point Data of Registered HS\\Bumthang (38)\\Point data of RHS in Bumthang.shp" }, "geometry": { "type": "Point", "coordinates": [ 90.9394808856932, 27.450990455967393, 0.000000000004792 ] } },
{ "type": "Feature", "properties": { "name": "Wangduecholing Dzong/Palace", "descriptio": null, "timestamp": null, "begin": null, "end_": null, "altitudemo": null, "tessellate": -1, "extrude": 0, "visibility": -1, "draworder": 0, "icon": null, "layer": "Point data of RHS in Bumthang", "path": "E:\\BACK UP OF SANGAY'S WORKSPACE\\OFFICE WORK\\NLCS\\NSDI\\NSDI data Integration\\Data for NSDI\\Point Data of Registered HS\\Bumthang (38)\\Point data of RHS in Bumthang.shp" }, "geometry": { "type": "Point", "coordinates": [ 90.74785222347073, 27.556231048484051, 0.000000000004792 ] } },
{ "type": "Feature", "properties": { "name": "Ura-Doshi Village", "descriptio": null, "timestamp": null, "begin": null, "end_": null, "altitudemo": null, "tessellate": -1, "extrude": 0, "visibility": -1, "draworder": 0, "icon": null, "layer": "Point data of RHS in Bumthang", "path": "E:\\BACK UP OF SANGAY'S WORKSPACE\\OFFICE WORK\\NLCS\\NSDI\\NSDI data Integration\\Data for NSDI\\Point Data of Registered HS\\Bumthang (38)\\Point data of RHS in Bumthang.shp" }, "geometry": { "type": "Point", "coordinates": [ 90.904790232937955, 27.478066294360119, 0.000000000004792 ] } },
{ "type": "Feature", "properties": { "name": "Taga lhakhang", "descriptio": null, "timestamp": null, "begin": null, "end_": null, "altitudemo": null, "tessellate": -1, "extrude": 0, "visibility": -1, "draworder": 0, "icon": null, "layer": "Point data of RHS in Bumthang", "path": "E:\\BACK UP OF SANGAY'S WORKSPACE\\OFFICE WORK\\NLCS\\NSDI\\NSDI data Integration\\Data for NSDI\\Point Data of Registered HS\\Bumthang (38)\\Point data of RHS in Bumthang.shp" }, "geometry": { "type": "Point", "coordinates": [ 90.711503450482596, 27.613897265515131, 0.000000000004792 ] } },
{ "type": "Feature", "properties": { "name": "Ngang lhakhang nagtshang", "descriptio": null, "timestamp": null, "begin": null, "end_": null, "altitudemo": null, "tessellate": -1, "extrude": 0, "visibility": -1, "draworder": 0, "icon": null, "layer": "Point data of RHS in Bumthang", "path": "E:\\BACK UP OF SANGAY'S WORKSPACE\\OFFICE WORK\\NLCS\\NSDI\\NSDI data Integration\\Data for NSDI\\Point Data of Registered HS\\Bumthang (38)\\Point data of RHS in Bumthang.shp" }, "geometry": { "type": "Point", "coordinates": [ 90.753890411349687, 27.662844233137296, 0.000000000004792 ] } },
{ "type": "Feature", "properties": { "name": "Jakar lhakhang", "descriptio": null, "timestamp": null, "begin": null, "end_": null, "altitudemo": null, "tessellate": -1, "extrude": 0, "visibility": -1, "draworder": 0, "icon": null, "layer": "Point data of RHS in Bumthang", "path": "E:\\BACK UP OF SANGAY'S WORKSPACE\\OFFICE WORK\\NLCS\\NSDI\\NSDI data Integration\\Data for NSDI\\Point Data of Registered HS\\Bumthang (38)\\Point data of RHS in Bumthang.shp" }, "geometry": { "type": "Point", "coordinates": [ 90.749000156317791, 27.548906090846302, 0.000000000004792 ] } },
{ "type": "Feature", "properties": { "name": "Tamzhing lhakhang", "descriptio": null, "timestamp": null, "begin": null, "end_": null, "altitudemo": null, "tessellate": -1, "extrude": 0, "visibility": -1, "draworder": 0, "icon": null, "layer": "Point data of RHS in Bumthang", "path": "E:\\BACK UP OF SANGAY'S WORKSPACE\\OFFICE WORK\\NLCS\\NSDI\\NSDI data Integration\\Data for NSDI\\Point Data of Registered HS\\Bumthang (38)\\Point data of RHS in Bumthang.shp" }, "geometry": { "type": "Point", "coordinates": [ 90.737691327189779, 27.58774652955271, 0.000000000004792 ] } },
{ "type": "Feature", "properties": { "name": "Choedrak Goenpa", "descriptio": null, "timestamp": null, "begin": null, "end_": null, "altitudemo": null, "tessellate": -1, "extrude": 0, "visibility": -1, "draworder": 0, "icon": null, "layer": "Point data of RHS in Bumthang", "path": "E:\\BACK UP OF SANGAY'S WORKSPACE\\OFFICE WORK\\NLCS\\NSDI\\NSDI data Integration\\Data for NSDI\\Point Data of Registered HS\\Bumthang (38)\\Point data of RHS in Bumthang.shp" }, "geometry": { "type": "Point", "coordinates": [ 90.687052799652236, 27.533928900013006, 0.000000000004792 ] } },
{ "type": "Feature", "properties": { "name": "Tharpaling tshuklakahang", "descriptio": null, "timestamp": null, "begin": null, "end_": null, "altitudemo": null, "tessellate": -1, "extrude": 0, "visibility": -1, "draworder": 0, "icon": null, "layer": "Point data of RHS in Bumthang", "path": "E:\\BACK UP OF SANGAY'S WORKSPACE\\OFFICE WORK\\NLCS\\NSDI\\NSDI data Integration\\Data for NSDI\\Point Data of Registered HS\\Bumthang (38)\\Point data of RHS in Bumthang.shp" }, "geometry": { "type": "Point", "coordinates": [ 90.687107992143282, 27.530588215490798, 0.000000000004792 ] } },
{ "type": "Feature", "properties": { "name": "Trakar Samdrup choling lhakhang/Lhundrub Deyang Lhakhang", "descriptio": null, "timestamp": null, "begin": null, "end_": null, "altitudemo": null, "tessellate": -1, "extrude": 0, "visibility": -1, "draworder": 0, "icon": null, "layer": "Point data of RHS in Bumthang", "path": "E:\\BACK UP OF SANGAY'S WORKSPACE\\OFFICE WORK\\NLCS\\NSDI\\NSDI data Integration\\Data for NSDI\\Point Data of Registered HS\\Bumthang (38)\\Point data of RHS in Bumthang.shp" }, "geometry": { "type": "Point", "coordinates": [ 90.748931610370036, 27.504008691150183, 0.000000000004792 ] } },
{ "type": "Feature", "properties": { "name": "Domkhar Tashicholing Dzong", "descriptio": null, "timestamp": null, "begin": null, "end_": null, "altitudemo": null, "tessellate": -1, "extrude": 0, "visibility": -1, "draworder": 0, "icon": null, "layer": "Point data of RHS in Bumthang", "path": "E:\\BACK UP OF SANGAY'S WORKSPACE\\OFFICE WORK\\NLCS\\NSDI\\NSDI data Integration\\Data for NSDI\\Point Data of Registered HS\\Bumthang (38)\\Point data of RHS in Bumthang.shp" }, "geometry": { "type": "Point", "coordinates": [ 90.665542967160761, 27.48957566581003, 0.000000000004792 ] } },
{ "type": "Feature", "properties": { "name": "Jakar Dzong", "descriptio": null, "timestamp": null, "begin": null, "end_": null, "altitudemo": null, "tessellate": -1, "extrude": 0, "visibility": -1, "draworder": 0, "icon": null, "layer": "Point data of RHS in Bumthang", "path": "E:\\BACK UP OF SANGAY'S WORKSPACE\\OFFICE WORK\\NLCS\\NSDI\\NSDI data Integration\\Data for NSDI\\Point Data of Registered HS\\Bumthang (38)\\Point data of RHS in Bumthang.shp" }, "geometry": { "type": "Point", "coordinates": [ 90.743627693726225, 27.549097719205399, 0.000000000004792 ] } },
{ "type": "Feature", "properties": { "name": "Lunggi rawa lhakhang", "descriptio": null, "timestamp": null, "begin": null, "end_": null, "altitudemo": null, "tessellate": -1, "extrude": 0, "visibility": -1, "draworder": 0, "icon": null, "layer": "Point data of RHS in Bumthang", "path": "E:\\BACK UP OF SANGAY'S WORKSPACE\\OFFICE WORK\\NLCS\\NSDI\\NSDI data Integration\\Data for NSDI\\Point Data of Registered HS\\Bumthang (38)\\Point data of RHS in Bumthang.shp" }, "geometry": { "type": "Point", "coordinates": [ 90.669078878052858, 27.643615520593205, 0.000000000004792 ] } },
{ "type": "Feature", "properties": { "name": "Shamzur Ney lhakhang", "descriptio": null, "timestamp": null, "begin": null, "end_": null, "altitudemo": null, "tessellate": -1, "extrude": 0, "visibility": -1, "draworder": 0, "icon": null, "layer": "Point data of RHS in Bumthang", "path": "E:\\BACK UP OF SANGAY'S WORKSPACE\\OFFICE WORK\\NLCS\\NSDI\\NSDI data Integration\\Data for NSDI\\Point Data of Registered HS\\Bumthang (38)\\Point data of RHS in Bumthang.shp" }, "geometry": { "type": "Point", "coordinates": [ 90.971359472045975, 27.511804655620598, 0.000000000004792 ] } },
{ "type": "Feature", "properties": { "name": "Shingyer Lhakhang", "descriptio": null, "timestamp": null, "begin": null, "end_": null, "altitudemo": null, "tessellate": -1, "extrude": 0, "visibility": -1, "draworder": 0, "icon": null, "layer": "Point data of RHS in Bumthang", "path": "E:\\BACK UP OF SANGAY'S WORKSPACE\\OFFICE WORK\\NLCS\\NSDI\\NSDI data Integration\\Data for NSDI\\Point Data of Registered HS\\Bumthang (38)\\Point data of RHS in Bumthang.shp" }, "geometry": { "type": "Point", "coordinates": [ 90.865608955077988, 27.467234654947099, 0.000000000004792 ] } },
{ "type": "Feature", "properties": { "name": "Drapham Dzong", "descriptio": null, "timestamp": null, "begin": null, "end_": null, "altitudemo": null, "tessellate": -1, "extrude": 0, "visibility": -1, "draworder": 0, "icon": null, "layer": "Point data of RHS in Bumthang", "path": "E:\\BACK UP OF SANGAY'S WORKSPACE\\OFFICE WORK\\NLCS\\NSDI\\NSDI data Integration\\Data for NSDI\\Point Data of Registered HS\\Bumthang (38)\\Point data of RHS in Bumthang.shp" }, "geometry": { "type": "Point", "coordinates": [ 90.754154049817586, 27.654087601937512, 0.000000000004792 ] } },
{ "type": "Feature", "properties": { "name": "Baribrang", "descriptio": null, "timestamp": null, "begin": null, "end_": null, "altitudemo": null, "tessellate": -1, "extrude": 0, "visibility": -1, "draworder": 0, "icon": null, "layer": "Point data of RHS in Bumthang", "path": "E:\\BACK UP OF SANGAY'S WORKSPACE\\OFFICE WORK\\NLCS\\NSDI\\NSDI data Integration\\Data for NSDI\\Point Data of Registered HS\\Bumthang (38)\\Point data of RHS in Bumthang.shp" }, "geometry": { "type": "Point", "coordinates": [ 90.80175497273089, 27.576207507139966, 0.000000000004792 ] } },
{ "type": "Feature", "properties": { "name": "Kuenzangdra lhakhang", "descriptio": null, "timestamp": null, "begin": null, "end_": null, "altitudemo": null, "tessellate": -1, "extrude": 0, "visibility": -1, "draworder": 0, "icon": null, "layer": "Point data of RHS in Bumthang", "path": "E:\\BACK UP OF SANGAY'S WORKSPACE\\OFFICE WORK\\NLCS\\NSDI\\NSDI data Integration\\Data for NSDI\\Point Data of Registered HS\\Bumthang (38)\\Point data of RHS in Bumthang.shp" }, "geometry": { "type": "Point", "coordinates": [ 90.812762799763419, 27.578380499223375, 0.000000000004792 ] } },
{ "type": "Feature", "properties": { "name": "Tang Ugyencholing lhakhang/Dzong", "descriptio": null, "timestamp": null, "begin": null, "end_": null, "altitudemo": null, "tessellate": -1, "extrude": 0, "visibility": -1, "draworder": 0, "icon": null, "layer": "Point data of RHS in Bumthang", "path": "E:\\BACK UP OF SANGAY'S WORKSPACE\\OFFICE WORK\\NLCS\\NSDI\\NSDI data Integration\\Data for NSDI\\Point Data of Registered HS\\Bumthang (38)\\Point data of RHS in Bumthang.shp" }, "geometry": { "type": "Point", "coordinates": [ 90.889815250676349, 27.61248131168265, 0.000000000004792 ] } },
{ "type": "Feature", "properties": { "name": "Beyteng Geyden lhakhang/Ura lhakhang", "descriptio": null, "timestamp": null, "begin": null, "end_": null, "altitudemo": null, "tessellate": -1, "extrude": 0, "visibility": -1, "draworder": 0, "icon": null, "layer": "Point data of RHS in Bumthang", "path": "E:\\BACK UP OF SANGAY'S WORKSPACE\\OFFICE WORK\\NLCS\\NSDI\\NSDI data Integration\\Data for NSDI\\Point Data of Registered HS\\Bumthang (38)\\Point data of RHS in Bumthang.shp" }, "geometry": { "type": "Point", "coordinates": [ 90.903203322157623, 27.47746223254525, 0.000000000004792 ] } },
{ "type": "Feature", "properties": { "name": "Shingkhar dechenling", "descriptio": null, "timestamp": null, "begin": null, "end_": null, "altitudemo": null, "tessellate": -1, "extrude": 0, "visibility": -1, "draworder": 0, "icon": null, "layer": "Point data of RHS in Bumthang", "path": "E:\\BACK UP OF SANGAY'S WORKSPACE\\OFFICE WORK\\NLCS\\NSDI\\NSDI data Integration\\Data for NSDI\\Point Data of Registered HS\\Bumthang (38)\\Point data of RHS in Bumthang.shp" }, "geometry": { "type": "Point", "coordinates": [ 90.94763388921065, 27.493782220008356, 0.000000000004792 ] } },
{ "type": "Feature", "properties": { "name": "Tumdra Ney", "descriptio": null, "timestamp": null, "begin": null, "end_": null, "altitudemo": null, "tessellate": -1, "extrude": 0, "visibility": -1, "draworder": 0, "icon": null, "layer": "Point data of RHS in Chhukha", "path": "E:\\BACK UP OF SANGAY'S WORKSPACE\\OFFICE WORK\\NLCS\\NSDI\\NSDI data Integration\\Data for NSDI\\Point Data of Registered HS\\Chukha (4)\\Point data of RHS in Chhukha.shp" }, "geometry": { "type": "Point", "coordinates": [ 89.623387493098789, 26.735279895388267, 0.000000000004792 ] } },
{ "type": "Feature", "properties": { "name": "Tshamdra Goenpa", "descriptio": null, "timestamp": null, "begin": null, "end_": null, "altitudemo": null, "tessellate": -1, "extrude": 0, "visibility": -1, "draworder": 0, "icon": null, "layer": "Point data of RHS in Chhukha", "path": "E:\\BACK UP OF SANGAY'S WORKSPACE\\OFFICE WORK\\NLCS\\NSDI\\NSDI data Integration\\Data for NSDI\\Point Data of Registered HS\\Chukha (4)\\Point data of RHS in Chhukha.shp" }, "geometry": { "type": "Point", "coordinates": [ 89.549255399597527, 27.251266099180267, 0.000000000004792 ] } },
{ "type": "Feature", "properties": { "name": "Chapcha Dzong", "descriptio": null, "timestamp": null, "begin": null, "end_": null, "altitudemo": null, "tessellate": -1, "extrude": 0, "visibility": -1, "draworder": 0, "icon": null, "layer": "Point data of RHS in Chhukha", "path": "E:\\BACK UP OF SANGAY'S WORKSPACE\\OFFICE WORK\\NLCS\\NSDI\\NSDI data Integration\\Data for NSDI\\Point Data of Registered HS\\Chukha (4)\\Point data of RHS in Chhukha.shp" }, "geometry": { "type": "Point", "coordinates": [ 89.546133577017116, 27.196309163676769, 0.000000000004792 ] } },
{ "type": "Feature", "properties": { "name": "Dokhachu goenpa", "descriptio": null, "timestamp": null, "begin": null, "end_": null, "altitudemo": null, "tessellate": -1, "extrude": 0, "visibility": -1, "draworder": 0, "icon": null, "layer": "Point data of RHS in Chhukha", "path": "E:\\BACK UP OF SANGAY'S WORKSPACE\\OFFICE WORK\\NLCS\\NSDI\\NSDI data Integration\\Data for NSDI\\Point Data of Registered HS\\Chukha (4)\\Point data of RHS in Chhukha.shp" }, "geometry": { "type": "Point", "coordinates": [ 89.546028722962205, 27.20530031887726, 0.000000000004792 ] } },
{ "type": "Feature", "properties": { "name": "Daga Trashiyangtse Dzong", "descriptio": null, "timestamp": null, "begin": null, "end_": null, "altitudemo": null, "tessellate": -1, "extrude": 0, "visibility": -1, "draworder": 0, "icon": null, "layer": "Point Data of RHS in Dagana", "path": "E:\\BACK UP OF SANGAY'S WORKSPACE\\OFFICE WORK\\NLCS\\NSDI\\NSDI data Integration\\Data for NSDI\\Point Data of Registered HS\\Dagana (2)\\Point Data of RHS in Dagana.shp" }, "geometry": { "type": "Point", "coordinates": [ 89.882844361740396, 27.071009573092642, 0.000000000004792 ] } },
{ "type": "Feature", "properties": { "name": "Donamkhai Kaw", "descriptio": null, "timestamp": null, "begin": null, "end_": null, "altitudemo": null, "tessellate": -1, "extrude": 0, "visibility": -1, "draworder": 0, "icon": null, "layer": "Point Data of RHS in Dagana", "path": "E:\\BACK UP OF SANGAY'S WORKSPACE\\OFFICE WORK\\NLCS\\NSDI\\NSDI data Integration\\Data for NSDI\\Point Data of Registered HS\\Dagana (2)\\Point Data of RHS in Dagana.shp" }, "geometry": { "type": "Point", "coordinates": [ 89.874185724397279, 27.05845554930853, 0.000000000004792 ] } },
{ "type": "Feature", "properties": { "name": "Gasa Tashi Thongmen Dzong", "descriptio": null, "timestamp": null, "begin": null, "end_": null, "altitudemo": null, "tessellate": -1, "extrude": 0, "visibility": -1, "draworder": 0, "icon": null, "layer": "Point data of RHS in Gasa", "path": "E:\\BACK UP OF SANGAY'S WORKSPACE\\OFFICE WORK\\NLCS\\NSDI\\NSDI data Integration\\Data for NSDI\\Point Data of Registered HS\\Gasa (2)\\Point data of RHS in Gasa.shp" }, "geometry": { "type": "Point", "coordinates": [ 89.727748311830652, 27.903922870394577, 0.000000000004792 ] } },
{ "type": "Feature", "properties": { "name": "Tshojhong Dzong", "descriptio": null, "timestamp": null, "begin": null, "end_": null, "altitudemo": null, "tessellate": -1, "extrude": 0, "visibility": -1, "draworder": 0, "icon": null, "layer": "Point data of RHS in Gasa", "path": "E:\\BACK UP OF SANGAY'S WORKSPACE\\OFFICE WORK\\NLCS\\NSDI\\NSDI data Integration\\Data for NSDI\\Point Data of Registered HS\\Gasa (2)\\Point data of RHS in Gasa.shp" }, "geometry": { "type": "Point", "coordinates": [ 90.164233754350619, 28.063479959016504, 0.000000000004792 ] } },
{ "type": "Feature", "properties": { "name": "Old House in Gasa", "descriptio": null, "timestamp": null, "begin": null, "end_": null, "altitudemo": null, "tessellate": -1, "extrude": 0, "visibility": -1, "draworder": 0, "icon": null, "layer": "Point data of RHS in Gasa", "path": "E:\\BACK UP OF SANGAY'S WORKSPACE\\OFFICE WORK\\NLCS\\NSDI\\NSDI data Integration\\Data for NSDI\\Point Data of Registered HS\\Gasa (2)\\Point data of RHS in Gasa.shp" }, "geometry": { "type": "Point", "coordinates": [ 89.729495542244777, 27.902327506593135, 0.000000000004792 ] } },
{ "type": "Feature", "properties": { "name": "Sebjee lhakhang", "descriptio": null, "timestamp": null, "begin": null, "end_": null, "altitudemo": null, "tessellate": -1, "extrude": 0, "visibility": -1, "draworder": 0, "icon": null, "layer": "Point data of RHS in Gasa", "path": "E:\\BACK UP OF SANGAY'S WORKSPACE\\OFFICE WORK\\NLCS\\NSDI\\NSDI data Integration\\Data for NSDI\\Point Data of Registered HS\\Gasa (2)\\Point data of RHS in Gasa.shp" }, "geometry": { "type": "Point", "coordinates": [ 89.713778229961648, 27.776901862493798, 0.000000000004792 ] } },
{ "type": "Feature", "properties": { "name": "Jadued goenpam Jamtey goenpa", "descriptio": null, "timestamp": null, "begin": null, "end_": null, "altitudemo": null, "tessellate": -1, "extrude": 0, "visibility": -1, "draworder": 0, "icon": null, "layer": "Point data of RHS in Haa", "path": "E:\\BACK UP OF SANGAY'S WORKSPACE\\OFFICE WORK\\NLCS\\NSDI\\NSDI data Integration\\Data for NSDI\\Point Data of Registered HS\\Haa (6)\\Point data of RHS in Haa.shp" }, "geometry": { "type": "Point", "coordinates": [ 89.236410732847546, 27.42715200170089, 0.000000000004792 ] } },
{ "type": "Feature", "properties": { "name": "Shelkardrag lhakhang", "descriptio": null, "timestamp": null, "begin": null, "end_": null, "altitudemo": null, "tessellate": -1, "extrude": 0, "visibility": -1, "draworder": 0, "icon": null, "layer": "Point data of RHS in Haa", "path": "E:\\BACK UP OF SANGAY'S WORKSPACE\\OFFICE WORK\\NLCS\\NSDI\\NSDI data Integration\\Data for NSDI\\Point Data of Registered HS\\Haa (6)\\Point data of RHS in Haa.shp" }, "geometry": { "type": "Point", "coordinates": [ 89.285124524667438, 27.36091675874092, 0.000000000004792 ] } },
{ "type": "Feature", "properties": { "name": "Rongtse nye", "descriptio": null, "timestamp": null, "begin": null, "end_": null, "altitudemo": null, "tessellate": -1, "extrude": 0, "visibility": -1, "draworder": 0, "icon": null, "layer": "Point data of RHS in Haa", "path": "E:\\BACK UP OF SANGAY'S WORKSPACE\\OFFICE WORK\\NLCS\\NSDI\\NSDI data Integration\\Data for NSDI\\Point Data of Registered HS\\Haa (6)\\Point data of RHS in Haa.shp" }, "geometry": { "type": "Point", "coordinates": [ 89.155367721999127, 27.092295948098027, 0.000000000004792 ] } },
{ "type": "Feature", "properties": { "name": "Lhakhang Karpo and Nagpo", "descriptio": null, "timestamp": null, "begin": null, "end_": null, "altitudemo": null, "tessellate": -1, "extrude": 0, "visibility": -1, "draworder": 0, "icon": null, "layer": "Point data of RHS in Haa", "path": "E:\\BACK UP OF SANGAY'S WORKSPACE\\OFFICE WORK\\NLCS\\NSDI\\NSDI data Integration\\Data for NSDI\\Point Data of Registered HS\\Haa (6)\\Point data of RHS in Haa.shp" }, "geometry": { "type": "Point", "coordinates": [ 89.295903014502855, 27.362527953163383, 0.000000000004792 ] } },
{ "type": "Feature", "properties": { "name": "Wangcholo Dzong", "descriptio": null, "timestamp": null, "begin": null, "end_": null, "altitudemo": null, "tessellate": -1, "extrude": 0, "visibility": -1, "draworder": 0, "icon": null, "layer": "Point data of RHS in Haa", "path": "E:\\BACK UP OF SANGAY'S WORKSPACE\\OFFICE WORK\\NLCS\\NSDI\\NSDI data Integration\\Data for NSDI\\Point Data of Registered HS\\Haa (6)\\Point data of RHS in Haa.shp" }, "geometry": { "type": "Point", "coordinates": [ 89.292516378458146, 27.370973857020907, 0.000000000004792 ] } },
{ "type": "Feature", "properties": { "name": "Bali lhakhang", "descriptio": null, "timestamp": null, "begin": null, "end_": null, "altitudemo": null, "tessellate": -1, "extrude": 0, "visibility": -1, "draworder": 0, "icon": null, "layer": "Point data of RHS in Haa", "path": "E:\\BACK UP OF SANGAY'S WORKSPACE\\OFFICE WORK\\NLCS\\NSDI\\NSDI data Integration\\Data for NSDI\\Point Data of Registered HS\\Haa (6)\\Point data of RHS in Haa.shp" }, "geometry": { "type": "Point", "coordinates": [ 89.28234730032159, 27.390605199596472, 0.000000000004792 ] } },
{ "type": "Feature", "properties": { "name": "Takila Guru", "descriptio": null, "timestamp": null, "begin": null, "end_": null, "altitudemo": null, "tessellate": -1, "extrude": 0, "visibility": -1, "draworder": 0, "icon": null, "layer": "Point data of RHS in lhuentse", "path": "E:\\BACK UP OF SANGAY'S WORKSPACE\\OFFICE WORK\\NLCS\\NSDI\\NSDI data Integration\\Data for NSDI\\Point Data of Registered HS\\Lhuentse (8)\\Point data of RHS in lhuentse.shp" }, "geometry": { "type": "Point", "coordinates": [ 91.181598588603379, 27.599534598096142, 0.000000000004792 ] } },
{ "type": "Feature", "properties": { "name": "Dungkhar Ngagtshang", "descriptio": null, "timestamp": null, "begin": null, "end_": null, "altitudemo": null, "tessellate": -1, "extrude": 0, "visibility": -1, "draworder": 0, "icon": null, "layer": "Point data of RHS in lhuentse", "path": "E:\\BACK UP OF SANGAY'S WORKSPACE\\OFFICE WORK\\NLCS\\NSDI\\NSDI data Integration\\Data for NSDI\\Point Data of Registered HS\\Lhuentse (8)\\Point data of RHS in lhuentse.shp" }, "geometry": { "type": "Point", "coordinates": [ 91.112185543817276, 27.823758962145039, 0.000000000004792 ] } },
{ "type": "Feature", "properties": { "name": "Lhuentse Dzong", "descriptio": null, "timestamp": null, "begin": null, "end_": null, "altitudemo": null, "tessellate": -1, "extrude": 0, "visibility": -1, "draworder": 0, "icon": null, "layer": "Point data of RHS in lhuentse", "path": "E:\\BACK UP OF SANGAY'S WORKSPACE\\OFFICE WORK\\NLCS\\NSDI\\NSDI data Integration\\Data for NSDI\\Point Data of Registered HS\\Lhuentse (8)\\Point data of RHS in lhuentse.shp" }, "geometry": { "type": "Point", "coordinates": [ 91.186858031454122, 27.66521604423173, 0.000000000004792 ] } },
{ "type": "Feature", "properties": { "name": "Rinchen Bumpa Lhakhang", "descriptio": null, "timestamp": null, "begin": null, "end_": null, "altitudemo": null, "tessellate": -1, "extrude": 0, "visibility": -1, "draworder": 0, "icon": null, "layer": "Point data of RHS in lhuentse", "path": "E:\\BACK UP OF SANGAY'S WORKSPACE\\OFFICE WORK\\NLCS\\NSDI\\NSDI data Integration\\Data for NSDI\\Point Data of Registered HS\\Lhuentse (8)\\Point data of RHS in lhuentse.shp" }, "geometry": { "type": "Point", "coordinates": [ 91.098675464950745, 27.869946858727218, 0.000000000004792 ] } },
{ "type": "Feature", "properties": { "name": "Kuenzang ling Lhakhang", "descriptio": null, "timestamp": null, "begin": null, "end_": null, "altitudemo": null, "tessellate": -1, "extrude": 0, "visibility": -1, "draworder": 0, "icon": null, "layer": "Point data of RHS in lhuentse", "path": "E:\\BACK UP OF SANGAY'S WORKSPACE\\OFFICE WORK\\NLCS\\NSDI\\NSDI data Integration\\Data for NSDI\\Point Data of Registered HS\\Lhuentse (8)\\Point data of RHS in lhuentse.shp" }, "geometry": { "type": "Point", "coordinates": [ 91.116827948272402, 27.869777735536314, 0.000000000004792 ] } },
{ "type": "Feature", "properties": { "name": "Wang-zhing Nagtshang", "descriptio": null, "timestamp": null, "begin": null, "end_": null, "altitudemo": null, "tessellate": -1, "extrude": 0, "visibility": -1, "draworder": 0, "icon": null, "layer": "Point data of RHS in lhuentse", "path": "E:\\BACK UP OF SANGAY'S WORKSPACE\\OFFICE WORK\\NLCS\\NSDI\\NSDI data Integration\\Data for NSDI\\Point Data of Registered HS\\Lhuentse (8)\\Point data of RHS in lhuentse.shp" }, "geometry": { "type": "Point", "coordinates": [ 91.235177101741542, 27.599689606963693, 0.000000000004792 ] } },
{ "type": "Feature", "properties": { "name": "Singye Dzong", "descriptio": null, "timestamp": null, "begin": null, "end_": null, "altitudemo": null, "tessellate": -1, "extrude": 0, "visibility": -1, "draworder": 0, "icon": null, "layer": "Point data of RHS in lhuentse", "path": "E:\\BACK UP OF SANGAY'S WORKSPACE\\OFFICE WORK\\NLCS\\NSDI\\NSDI data Integration\\Data for NSDI\\Point Data of Registered HS\\Lhuentse (8)\\Point data of RHS in lhuentse.shp" }, "geometry": { "type": "Point", "coordinates": [ 91.298972253420672, 27.972302029088397, 0.000000000004792 ] } },
{ "type": "Feature", "properties": { "name": "Phu-yingla Lhakhang", "descriptio": null, "timestamp": null, "begin": null, "end_": null, "altitudemo": null, "tessellate": -1, "extrude": 0, "visibility": -1, "draworder": 0, "icon": null, "layer": "Point data of RHS in lhuentse", "path": "E:\\BACK UP OF SANGAY'S WORKSPACE\\OFFICE WORK\\NLCS\\NSDI\\NSDI data Integration\\Data for NSDI\\Point Data of Registered HS\\Lhuentse (8)\\Point data of RHS in lhuentse.shp" }, "geometry": { "type": "Point", "coordinates": [ 91.273996401661122, 27.510903601391558, 0.000000000004792 ] } },
{ "type": "Feature", "properties": { "name": "Drugyel Dzong", "descriptio": null, "timestamp": null, "begin": null, "end_": null, "altitudemo": null, "tessellate": -1, "extrude": 0, "visibility": -1, "draworder": 0, "icon": null, "layer": "Point data of RHS in Paro", "path": "E:\\BACK UP OF SANGAY'S WORKSPACE\\OFFICE WORK\\NLCS\\NSDI\\NSDI data Integration\\Data for NSDI\\Point Data of Registered HS\\Paro (37)\\Point data of RHS in Paro.shp" }, "geometry": { "type": "Point", "coordinates": [ 89.322219682672326, 27.503337556744775, 0.000000000004792 ] } },
{ "type": "Feature", "properties": { "name": "Chumphu nye", "descriptio": null, "timestamp": null, "begin": null, "end_": null, "altitudemo": null, "tessellate": -1, "extrude": 0, "visibility": -1, "draworder": 0, "icon": null, "layer": "Point data of RHS in Paro", "path": "E:\\BACK UP OF SANGAY'S WORKSPACE\\OFFICE WORK\\NLCS\\NSDI\\NSDI data Integration\\Data for NSDI\\Point Data of Registered HS\\Paro (37)\\Point data of RHS in Paro.shp" }, "geometry": { "type": "Point", "coordinates": [ 89.44315750321087, 27.559702046735641, 0.000000000004792 ] } },
{ "type": "Feature", "properties": { "name": "Ragoe ney", "descriptio": null, "timestamp": null, "begin": null, "end_": null, "altitudemo": null, "tessellate": -1, "extrude": 0, "visibility": -1, "draworder": 0, "icon": null, "layer": "Point data of RHS in Paro", "path": "E:\\BACK UP OF SANGAY'S WORKSPACE\\OFFICE WORK\\NLCS\\NSDI\\NSDI data Integration\\Data for NSDI\\Point Data of Registered HS\\Paro (37)\\Point data of RHS in Paro.shp" }, "geometry": { "type": "Point", "coordinates": [ 89.408713978786921, 27.506864287031409, 0.000000000004792 ] } },
{ "type": "Feature", "properties": { "name": "Tengchen goenpa", "descriptio": null, "timestamp": null, "begin": null, "end_": null, "altitudemo": null, "tessellate": -1, "extrude": 0, "visibility": -1, "draworder": 0, "icon": null, "layer": "Point data of RHS in Paro", "path": "E:\\BACK UP OF SANGAY'S WORKSPACE\\OFFICE WORK\\NLCS\\NSDI\\NSDI data Integration\\Data for NSDI\\Point Data of Registered HS\\Paro (37)\\Point data of RHS in Paro.shp" }, "geometry": { "type": "Point", "coordinates": [ 89.380268587261725, 27.430672799508045, 0.000000000004792 ] } },
{ "type": "Feature", "properties": { "name": "Druk Choeding lhakhang", "descriptio": null, "timestamp": null, "begin": null, "end_": null, "altitudemo": null, "tessellate": -1, "extrude": 0, "visibility": -1, "draworder": 0, "icon": null, "layer": "Point data of RHS in Paro", "path": "E:\\BACK UP OF SANGAY'S WORKSPACE\\OFFICE WORK\\NLCS\\NSDI\\NSDI data Integration\\Data for NSDI\\Point Data of Registered HS\\Paro (37)\\Point data of RHS in Paro.shp" }, "geometry": { "type": "Point", "coordinates": [ 89.416398324932459, 27.428286757243828, 0.000000000004792 ] } },
{ "type": "Feature", "properties": { "name": "Dobji Dzong", "descriptio": null, "timestamp": null, "begin": null, "end_": null, "altitudemo": null, "tessellate": -1, "extrude": 0, "visibility": -1, "draworder": 0, "icon": null, "layer": "Point data of RHS in Paro", "path": "E:\\BACK UP OF SANGAY'S WORKSPACE\\OFFICE WORK\\NLCS\\NSDI\\NSDI data Integration\\Data for NSDI\\Point Data of Registered HS\\Paro (37)\\Point data of RHS in Paro.shp" }, "geometry": { "type": "Point", "coordinates": [ 89.526825448811664, 27.266004400178247, 0.000000000004792 ] } },
{ "type": "Feature", "properties": { "name": "Tseto goenpa", "descriptio": null, "timestamp": null, "begin": null, "end_": null, "altitudemo": null, "tessellate": -1, "extrude": 0, "visibility": -1, "draworder": 0, "icon": null, "layer": "Point data of RHS in Paro", "path": "E:\\BACK UP OF SANGAY'S WORKSPACE\\OFFICE WORK\\NLCS\\NSDI\\NSDI data Integration\\Data for NSDI\\Point Data of Registered HS\\Paro (37)\\Point data of RHS in Paro.shp" }, "geometry": { "type": "Point", "coordinates": [ 89.34025435823267, 27.453647263710657, 0.000000000004792 ] } },
{ "type": "Feature", "properties": { "name": "Woochu Nagtshang", "descriptio": null, "timestamp": null, "begin": null, "end_": null, "altitudemo": null, "tessellate": -1, "extrude": 0, "visibility": -1, "draworder": 0, "icon": null, "layer": "Point data of RHS in Paro", "path": "E:\\BACK UP OF SANGAY'S WORKSPACE\\OFFICE WORK\\NLCS\\NSDI\\NSDI data Integration\\Data for NSDI\\Point Data of Registered HS\\Paro (37)\\Point data of RHS in Paro.shp" }, "geometry": { "type": "Point", "coordinates": [ 89.422102176930665, 27.391090755482139, 0.000000000004792 ] } },
{ "type": "Feature", "properties": { "name": "Sangachoekhor Monastery", "descriptio": null, "timestamp": null, "begin": null, "end_": null, "altitudemo": null, "tessellate": -1, "extrude": 0, "visibility": -1, "draworder": 0, "icon": null, "layer": "Point data of RHS in Paro", "path": "E:\\BACK UP OF SANGAY'S WORKSPACE\\OFFICE WORK\\NLCS\\NSDI\\NSDI data Integration\\Data for NSDI\\Point Data of Registered HS\\Paro (37)\\Point data of RHS in Paro.shp" }, "geometry": { "type": "Point", "coordinates": [ 89.389347837380441, 27.456437648058785, 0.000000000004792 ] } },
{ "type": "Feature", "properties": { "name": "Ramnang lhakhang", "descriptio": null, "timestamp": null, "begin": null, "end_": null, "altitudemo": null, "tessellate": -1, "extrude": 0, "visibility": -1, "draworder": 0, "icon": null, "layer": "Point data of RHS in Paro", "path": "E:\\BACK UP OF SANGAY'S WORKSPACE\\OFFICE WORK\\NLCS\\NSDI\\NSDI data Integration\\Data for NSDI\\Point Data of Registered HS\\Paro (37)\\Point data of RHS in Paro.shp" }, "geometry": { "type": "Point", "coordinates": [ 89.358243786550474, 27.480303800389663, 0.000000000004792 ] } },
{ "type": "Feature", "properties": { "name": "Chubjakha Dzong", "descriptio": null, "timestamp": null, "begin": null, "end_": null, "altitudemo": null, "tessellate": -1, "extrude": 0, "visibility": -1, "draworder": 0, "icon": null, "layer": "Point data of RHS in Paro", "path": "E:\\BACK UP OF SANGAY'S WORKSPACE\\OFFICE WORK\\NLCS\\NSDI\\NSDI data Integration\\Data for NSDI\\Point Data of Registered HS\\Paro (37)\\Point data of RHS in Paro.shp" }, "geometry": { "type": "Point", "coordinates": [ 89.438459135510186, 27.425132723856162, 0.000000000004792 ] } },
{ "type": "Feature", "properties": { "name": "Paro TaDzong", "descriptio": null, "timestamp": null, "begin": null, "end_": null, "altitudemo": null, "tessellate": -1, "extrude": 0, "visibility": -1, "draworder": 0, "icon": null, "layer": "Point data of RHS in Paro", "path": "E:\\BACK UP OF SANGAY'S WORKSPACE\\OFFICE WORK\\NLCS\\NSDI\\NSDI data Integration\\Data for NSDI\\Point Data of Registered HS\\Paro (37)\\Point data of RHS in Paro.shp" }, "geometry": { "type": "Point", "coordinates": [ 89.425493761794272, 27.428767578061656, 0.000000000004792 ] } },
{ "type": "Feature", "properties": { "name": "Dungtse lhakhang", "descriptio": null, "timestamp": null, "begin": null, "end_": null, "altitudemo": null, "tessellate": -1, "extrude": 0, "visibility": -1, "draworder": 0, "icon": null, "layer": "Point data of RHS in Paro", "path": "E:\\BACK UP OF SANGAY'S WORKSPACE\\OFFICE WORK\\NLCS\\NSDI\\NSDI data Integration\\Data for NSDI\\Point Data of Registered HS\\Paro (37)\\Point data of RHS in Paro.shp" }, "geometry": { "type": "Point", "coordinates": [ 89.413465538430543, 27.43520566158778, 0.000000000004792 ] } },
{ "type": "Feature", "properties": { "name": "Paro Takshang and associated site", "descriptio": null, "timestamp": null, "begin": null, "end_": null, "altitudemo": null, "tessellate": -1, "extrude": 0, "visibility": -1, "draworder": 0, "icon": null, "layer": "Point data of RHS in Paro", "path": "E:\\BACK UP OF SANGAY'S WORKSPACE\\OFFICE WORK\\NLCS\\NSDI\\NSDI data Integration\\Data for NSDI\\Point Data of Registered HS\\Paro (37)\\Point data of RHS in Paro.shp" }, "geometry": { "type": "Point", "coordinates": [ 89.36220403373504, 27.491822471837004, 0.000000000004792 ] } },
{ "type": "Feature", "properties": { "name": "Tsongdue Lhakhang", "descriptio": null, "timestamp": null, "begin": null, "end_": null, "altitudemo": null, "tessellate": -1, "extrude": 0, "visibility": -1, "draworder": 0, "icon": null, "layer": "Point data of RHS in Paro", "path": "E:\\BACK UP OF SANGAY'S WORKSPACE\\OFFICE WORK\\NLCS\\NSDI\\NSDI data Integration\\Data for NSDI\\Point Data of Registered HS\\Paro (37)\\Point data of RHS in Paro.shp" }, "geometry": { "type": "Point", "coordinates": [ 89.415768206167982, 27.42954832368283, 0.000000000004792 ] } },
{ "type": "Feature", "properties": { "name": "Drakarpo", "descriptio": null, "timestamp": null, "begin": null, "end_": null, "altitudemo": null, "tessellate": -1, "extrude": 0, "visibility": -1, "draworder": 0, "icon": null, "layer": "Point data of RHS in Paro", "path": "E:\\BACK UP OF SANGAY'S WORKSPACE\\OFFICE WORK\\NLCS\\NSDI\\NSDI data Integration\\Data for NSDI\\Point Data of Registered HS\\Paro (37)\\Point data of RHS in Paro.shp" }, "geometry": { "type": "Point", "coordinates": [ 89.463755927472974, 27.431394789746552, 0.000000000004792 ] } },
{ "type": "Feature", "properties": { "name": "Dzongdrakha", "descriptio": null, "timestamp": null, "begin": null, "end_": null, "altitudemo": null, "tessellate": -1, "extrude": 0, "visibility": -1, "draworder": 0, "icon": null, "layer": "Point data of RHS in Paro", "path": "E:\\BACK UP OF SANGAY'S WORKSPACE\\OFFICE WORK\\NLCS\\NSDI\\NSDI data Integration\\Data for NSDI\\Point Data of Registered HS\\Paro (37)\\Point data of RHS in Paro.shp" }, "geometry": { "type": "Point", "coordinates": [ 89.404289748164857, 27.380279631785054, 0.000000000004792 ] } },
{ "type": "Feature", "properties": { "name": "Tacho lhakhang", "descriptio": null, "timestamp": null, "begin": null, "end_": null, "altitudemo": null, "tessellate": -1, "extrude": 0, "visibility": -1, "draworder": 0, "icon": null, "layer": "Point data of RHS in Paro", "path": "E:\\BACK UP OF SANGAY'S WORKSPACE\\OFFICE WORK\\NLCS\\NSDI\\NSDI data Integration\\Data for NSDI\\Point Data of Registered HS\\Paro (37)\\Point data of RHS in Paro.shp" }, "geometry": { "type": "Point", "coordinates": [ 89.5031035769168, 27.331059909451451, 0.000000000004792 ] } },
{ "type": "Feature", "properties": { "name": "Zuri Dzong", "descriptio": null, "timestamp": null, "begin": null, "end_": null, "altitudemo": null, "tessellate": -1, "extrude": 0, "visibility": -1, "draworder": 0, "icon": null, "layer": "Point data of RHS in Paro", "path": "E:\\BACK UP OF SANGAY'S WORKSPACE\\OFFICE WORK\\NLCS\\NSDI\\NSDI data Integration\\Data for NSDI\\Point Data of Registered HS\\Paro (37)\\Point data of RHS in Paro.shp" }, "geometry": { "type": "Point", "coordinates": [ 89.427885865801414, 27.422586597368777, 0.000000000004792 ] } },
{ "type": "Feature", "properties": { "name": "Gomdralo lhakhang", "descriptio": null, "timestamp": null, "begin": null, "end_": null, "altitudemo": null, "tessellate": -1, "extrude": 0, "visibility": -1, "draworder": 0, "icon": null, "layer": "Point data of RHS in Paro", "path": "E:\\BACK UP OF SANGAY'S WORKSPACE\\OFFICE WORK\\NLCS\\NSDI\\NSDI data Integration\\Data for NSDI\\Point Data of Registered HS\\Paro (37)\\Point data of RHS in Paro.shp" }, "geometry": { "type": "Point", "coordinates": [ 89.460214308685551, 27.386759378544149, 0.000000000004792 ] } },
{ "type": "Feature", "properties": { "name": "Bumdra", "descriptio": null, "timestamp": null, "begin": null, "end_": null, "altitudemo": null, "tessellate": -1, "extrude": 0, "visibility": -1, "draworder": 0, "icon": null, "layer": "Point data of RHS in Paro", "path": "E:\\BACK UP OF SANGAY'S WORKSPACE\\OFFICE WORK\\NLCS\\NSDI\\NSDI data Integration\\Data for NSDI\\Point Data of Registered HS\\Paro (37)\\Point data of RHS in Paro.shp" }, "geometry": { "type": "Point", "coordinates": [ 89.380640900319449, 27.505308448404097, 0.000000000004792 ] } },
{ "type": "Feature", "properties": { "name": "Jangsarbu Lhakhang", "descriptio": null, "timestamp": null, "begin": null, "end_": null, "altitudemo": null, "tessellate": -1, "extrude": 0, "visibility": -1, "draworder": 0, "icon": null, "layer": "Point data of RHS in Paro", "path": "E:\\BACK UP OF SANGAY'S WORKSPACE\\OFFICE WORK\\NLCS\\NSDI\\NSDI data Integration\\Data for NSDI\\Point Data of Registered HS\\Paro (37)\\Point data of RHS in Paro.shp" }, "geometry": { "type": "Point", "coordinates": [ 89.422656480580088, 27.428802611162002, 0.000000000004792 ] } },
{ "type": "Feature", "properties": { "name": "Dochoeten ruins", "descriptio": null, "timestamp": null, "begin": null, "end_": null, "altitudemo": null, "tessellate": -1, "extrude": 0, "visibility": -1, "draworder": 0, "icon": null, "layer": "Point data of RHS in Paro", "path": "E:\\BACK UP OF SANGAY'S WORKSPACE\\OFFICE WORK\\NLCS\\NSDI\\NSDI data Integration\\Data for NSDI\\Point Data of Registered HS\\Paro (37)\\Point data of RHS in Paro.shp" }, "geometry": { "type": "Point", "coordinates": [ 89.495718561102038, 27.416148330590097, 0.000000000004792 ] } },
{ "type": "Feature", "properties": { "name": "Bjela Dzong", "descriptio": null, "timestamp": null, "begin": null, "end_": null, "altitudemo": null, "tessellate": -1, "extrude": 0, "visibility": -1, "draworder": 0, "icon": null, "layer": "Point data of RHS in Paro", "path": "E:\\BACK UP OF SANGAY'S WORKSPACE\\OFFICE WORK\\NLCS\\NSDI\\NSDI data Integration\\Data for NSDI\\Point Data of Registered HS\\Paro (37)\\Point data of RHS in Paro.shp" }, "geometry": { "type": "Point", "coordinates": [ 89.482913404611978, 27.444423093483529, 0.000000000004792 ] } },
{ "type": "Feature", "properties": { "name": "Hungrel Goensakha Lhakhang", "descriptio": null, "timestamp": null, "begin": null, "end_": null, "altitudemo": null, "tessellate": -1, "extrude": 0, "visibility": -1, "draworder": 0, "icon": null, "layer": "Point data of RHS in Paro", "path": "E:\\BACK UP OF SANGAY'S WORKSPACE\\OFFICE WORK\\NLCS\\NSDI\\NSDI data Integration\\Data for NSDI\\Point Data of Registered HS\\Paro (37)\\Point data of RHS in Paro.shp" }, "geometry": { "type": "Point", "coordinates": [ 89.422197496267131, 27.426609753500703, 0.000000000004792 ] } },
{ "type": "Feature", "properties": { "name": "Lhading goenpa", "descriptio": null, "timestamp": null, "begin": null, "end_": null, "altitudemo": null, "tessellate": -1, "extrude": 0, "visibility": -1, "draworder": 0, "icon": null, "layer": "Point data of RHS in Paro", "path": "E:\\BACK UP OF SANGAY'S WORKSPACE\\OFFICE WORK\\NLCS\\NSDI\\NSDI data Integration\\Data for NSDI\\Point Data of Registered HS\\Paro (37)\\Point data of RHS in Paro.shp" }, "geometry": { "type": "Point", "coordinates": [ 89.307156665512878, 27.577394360943181, 0.000000000004792 ] } },
{ "type": "Feature", "properties": { "name": "Kila Goenpa", "descriptio": null, "timestamp": null, "begin": null, "end_": null, "altitudemo": null, "tessellate": -1, "extrude": 0, "visibility": -1, "draworder": 0, "icon": null, "layer": "Point data of RHS in Paro", "path": "E:\\BACK UP OF SANGAY'S WORKSPACE\\OFFICE WORK\\NLCS\\NSDI\\NSDI data Integration\\Data for NSDI\\Point Data of Registered HS\\Paro (37)\\Point data of RHS in Paro.shp" }, "geometry": { "type": "Point", "coordinates": [ 89.342853535590905, 27.39249765495747, 0.000000000004792 ] } },
{ "type": "Feature", "properties": { "name": "Wangdue nye", "descriptio": null, "timestamp": null, "begin": null, "end_": null, "altitudemo": null, "tessellate": -1, "extrude": 0, "visibility": -1, "draworder": 0, "icon": null, "layer": "Point data of RHS in Paro", "path": "E:\\BACK UP OF SANGAY'S WORKSPACE\\OFFICE WORK\\NLCS\\NSDI\\NSDI data Integration\\Data for NSDI\\Point Data of Registered HS\\Paro (37)\\Point data of RHS in Paro.shp" }, "geometry": { "type": "Point", "coordinates": [ 89.461574446958906, 27.262666637273952, 0.000000000004792 ] } },
{ "type": "Feature", "properties": { "name": "Eutok goenpa", "descriptio": null, "timestamp": null, "begin": null, "end_": null, "altitudemo": null, "tessellate": -1, "extrude": 0, "visibility": -1, "draworder": 0, "icon": null, "layer": "Point data of RHS in Paro", "path": "E:\\BACK UP OF SANGAY'S WORKSPACE\\OFFICE WORK\\NLCS\\NSDI\\NSDI data Integration\\Data for NSDI\\Point Data of Registered HS\\Paro (37)\\Point data of RHS in Paro.shp" }, "geometry": { "type": "Point", "coordinates": [ 89.470041700925705, 27.368209619578511, 0.000000000004792 ] } },
{ "type": "Feature", "properties": { "name": "Dongkola", "descriptio": null, "timestamp": null, "begin": null, "end_": null, "altitudemo": null, "tessellate": -1, "extrude": 0, "visibility": -1, "draworder": 0, "icon": null, "layer": "Point data of RHS in Paro", "path": "E:\\BACK UP OF SANGAY'S WORKSPACE\\OFFICE WORK\\NLCS\\NSDI\\NSDI data Integration\\Data for NSDI\\Point Data of Registered HS\\Paro (37)\\Point data of RHS in Paro.shp" }, "geometry": { "type": "Point", "coordinates": [ 89.515821969625122, 27.35978223462315, 0.000000000004792 ] } },
{ "type": "Feature", "properties": { "name": "Hephu nye goenpa", "descriptio": null, "timestamp": null, "begin": null, "end_": null, "altitudemo": null, "tessellate": -1, "extrude": 0, "visibility": -1, "draworder": 0, "icon": null, "layer": "Point data of RHS in Paro", "path": "E:\\BACK UP OF SANGAY'S WORKSPACE\\OFFICE WORK\\NLCS\\NSDI\\NSDI data Integration\\Data for NSDI\\Point Data of Registered HS\\Paro (37)\\Point data of RHS in Paro.shp" }, "geometry": { "type": "Point", "coordinates": [ 89.499119767820659, 27.393244844832818, 0.000000000004792 ] } },
{ "type": "Feature", "properties": { "name": "Gangtey Palace", "descriptio": null, "timestamp": null, "begin": null, "end_": null, "altitudemo": null, "tessellate": -1, "extrude": 0, "visibility": -1, "draworder": 0, "icon": null, "layer": "Point data of RHS in Paro", "path": "E:\\BACK UP OF SANGAY'S WORKSPACE\\OFFICE WORK\\NLCS\\NSDI\\NSDI data Integration\\Data for NSDI\\Point Data of Registered HS\\Paro (37)\\Point data of RHS in Paro.shp" }, "geometry": { "type": "Point", "coordinates": [ 89.412783500635911, 27.424594596864324, 0.000000000004792 ] } },
{ "type": "Feature", "properties": { "name": "Dangay Goenpa Tsheringma lhakhang", "descriptio": null, "timestamp": null, "begin": null, "end_": null, "altitudemo": null, "tessellate": -1, "extrude": 0, "visibility": -1, "draworder": 0, "icon": null, "layer": "Point data of RHS in Paro", "path": "E:\\BACK UP OF SANGAY'S WORKSPACE\\OFFICE WORK\\NLCS\\NSDI\\NSDI data Integration\\Data for NSDI\\Point Data of Registered HS\\Paro (37)\\Point data of RHS in Paro.shp" }, "geometry": { "type": "Point", "coordinates": [ 89.413187270898234, 27.424337556212741, 0.000000000004792 ] } },
{ "type": "Feature", "properties": { "name": "Silung goenpa", "descriptio": null, "timestamp": null, "begin": null, "end_": null, "altitudemo": null, "tessellate": -1, "extrude": 0, "visibility": -1, "draworder": 0, "icon": null, "layer": "Point data of RHS in Paro", "path": "E:\\BACK UP OF SANGAY'S WORKSPACE\\OFFICE WORK\\NLCS\\NSDI\\NSDI data Integration\\Data for NSDI\\Point Data of Registered HS\\Paro (37)\\Point data of RHS in Paro.shp" }, "geometry": { "type": "Point", "coordinates": [ 89.520022562860575, 27.246615494880388, 0.000000000004792 ] } },
{ "type": "Feature", "properties": { "name": "Rinpung Dzong", "descriptio": null, "timestamp": null, "begin": null, "end_": null, "altitudemo": null, "tessellate": -1, "extrude": 0, "visibility": -1, "draworder": 0, "icon": null, "layer": "Point data of RHS in Paro", "path": "E:\\BACK UP OF SANGAY'S WORKSPACE\\OFFICE WORK\\NLCS\\NSDI\\NSDI data Integration\\Data for NSDI\\Point Data of Registered HS\\Paro (37)\\Point data of RHS in Paro.shp" }, "geometry": { "type": "Point", "coordinates": [ 89.422995343071577, 27.426903451539896, 0.000000000004792 ] } },
{ "type": "Feature", "properties": { "name": "Kyichu lhakhang", "descriptio": null, "timestamp": null, "begin": null, "end_": null, "altitudemo": null, "tessellate": -1, "extrude": 0, "visibility": -1, "draworder": 0, "icon": null, "layer": "Point data of RHS in Paro", "path": "E:\\BACK UP OF SANGAY'S WORKSPACE\\OFFICE WORK\\NLCS\\NSDI\\NSDI data Integration\\Data for NSDI\\Point Data of Registered HS\\Paro (37)\\Point data of RHS in Paro.shp" }, "geometry": { "type": "Point", "coordinates": [ 89.375513199896702, 27.441166898797633, 0.000000000004792 ] } },
{ "type": "Feature", "properties": { "name": "Gorina lhakhang", "descriptio": null, "timestamp": null, "begin": null, "end_": null, "altitudemo": null, "tessellate": -1, "extrude": 0, "visibility": -1, "draworder": 0, "icon": null, "layer": "Point data of RHS in Paro", "path": "E:\\BACK UP OF SANGAY'S WORKSPACE\\OFFICE WORK\\NLCS\\NSDI\\NSDI data Integration\\Data for NSDI\\Point Data of Registered HS\\Paro (37)\\Point data of RHS in Paro.shp" }, "geometry": { "type": "Point", "coordinates": [ 89.388439841850811, 27.410587267538183, 0.000000000004792 ] } },
{ "type": "Feature", "properties": { "name": "Yongla goenpa", "descriptio": null, "timestamp": null, "begin": null, "end_": null, "altitudemo": null, "tessellate": -1, "extrude": 0, "visibility": -1, "draworder": 0, "icon": null, "layer": "Point data of RHS in Pemagatshel", "path": "E:\\BACK UP OF SANGAY'S WORKSPACE\\OFFICE WORK\\NLCS\\NSDI\\NSDI data Integration\\Data for NSDI\\Point Data of Registered HS\\Pemagathsel (2)\\Point data of RHS in Pemagatshel.shp" }, "geometry": { "type": "Point", "coordinates": [ 91.466779201394317, 27.016919781543209, 0.000000000004792 ] } },
{ "type": "Feature", "properties": { "name": "Kheri goenpa", "descriptio": null, "timestamp": null, "begin": null, "end_": null, "altitudemo": null, "tessellate": -1, "extrude": 0, "visibility": -1, "draworder": 0, "icon": null, "layer": "Point data of RHS in Pemagatshel", "path": "E:\\BACK UP OF SANGAY'S WORKSPACE\\OFFICE WORK\\NLCS\\NSDI\\NSDI data Integration\\Data for NSDI\\Point Data of Registered HS\\Pemagathsel (2)\\Point data of RHS in Pemagatshel.shp" }, "geometry": { "type": "Point", "coordinates": [ 91.427513361523395, 27.045742756864414, 0.000000000004792 ] } },
{ "type": "Feature", "properties": { "name": "Sewla Mijur lhunpo lhakhang", "descriptio": null, "timestamp": null, "begin": null, "end_": null, "altitudemo": null, "tessellate": -1, "extrude": 0, "visibility": -1, "draworder": 0, "icon": null, "layer": "Point Data of RHS in Punakha", "path": "E:\\BACK UP OF SANGAY'S WORKSPACE\\OFFICE WORK\\NLCS\\NSDI\\NSDI data Integration\\Data for NSDI\\Point Data of Registered HS\\Punakha (6)\\Ponit Data of RHS in Punakha.shp" }, "geometry": { "type": "Point", "coordinates": [ 89.856850177079835, 27.638943072840842, 0.000000000004792 ] } },
{ "type": "Feature", "properties": { "name": "Goen Tshephu lhakhang", "descriptio": null, "timestamp": null, "begin": null, "end_": null, "altitudemo": null, "tessellate": -1, "extrude": 0, "visibility": -1, "draworder": 0, "icon": null, "layer": "Point Data of RHS in Punakha", "path": "E:\\BACK UP OF SANGAY'S WORKSPACE\\OFFICE WORK\\NLCS\\NSDI\\NSDI data Integration\\Data for NSDI\\Point Data of Registered HS\\Punakha (6)\\Ponit Data of RHS in Punakha.shp" }, "geometry": { "type": "Point", "coordinates": [ 89.759377047956832, 27.748178753272505, 0.000000000004792 ] } },
{ "type": "Feature", "properties": { "name": "Dojagar lhakhang", "descriptio": null, "timestamp": null, "begin": null, "end_": null, "altitudemo": null, "tessellate": -1, "extrude": 0, "visibility": -1, "draworder": 0, "icon": null, "layer": "Point Data of RHS in Punakha", "path": "E:\\BACK UP OF SANGAY'S WORKSPACE\\OFFICE WORK\\NLCS\\NSDI\\NSDI data Integration\\Data for NSDI\\Point Data of Registered HS\\Punakha (6)\\Ponit Data of RHS in Punakha.shp" }, "geometry": { "type": "Point", "coordinates": [ 89.841935983813514, 27.611835079938484, 0.000000000004792 ] } },
{ "type": "Feature", "properties": { "name": "Khuruthang lhakhang/Guru lhakhang", "descriptio": null, "timestamp": null, "begin": null, "end_": null, "altitudemo": null, "tessellate": -1, "extrude": 0, "visibility": -1, "draworder": 0, "icon": null, "layer": "Point Data of RHS in Punakha", "path": "E:\\BACK UP OF SANGAY'S WORKSPACE\\OFFICE WORK\\NLCS\\NSDI\\NSDI data Integration\\Data for NSDI\\Point Data of Registered HS\\Punakha (6)\\Ponit Data of RHS in Punakha.shp" }, "geometry": { "type": "Point", "coordinates": [ 89.872070638365855, 27.550171331213104, 0.000000000004792 ] } },
{ "type": "Feature", "properties": { "name": "Choeten Nyingpo lhakhang", "descriptio": null, "timestamp": null, "begin": null, "end_": null, "altitudemo": null, "tessellate": -1, "extrude": 0, "visibility": -1, "draworder": 0, "icon": null, "layer": "Point Data of RHS in Punakha", "path": "E:\\BACK UP OF SANGAY'S WORKSPACE\\OFFICE WORK\\NLCS\\NSDI\\NSDI data Integration\\Data for NSDI\\Point Data of Registered HS\\Punakha (6)\\Ponit Data of RHS in Punakha.shp" }, "geometry": { "type": "Point", "coordinates": [ 89.783352994855079, 27.627042843108924, 0.000000000004792 ] } },
{ "type": "Feature", "properties": { "name": "Dompala lhakhang", "descriptio": null, "timestamp": null, "begin": null, "end_": null, "altitudemo": null, "tessellate": -1, "extrude": 0, "visibility": -1, "draworder": 0, "icon": null, "layer": "Point Data of RHS in Punakha", "path": "E:\\BACK UP OF SANGAY'S WORKSPACE\\OFFICE WORK\\NLCS\\NSDI\\NSDI data Integration\\Data for NSDI\\Point Data of Registered HS\\Punakha (6)\\Ponit Data of RHS in Punakha.shp" }, "geometry": { "type": "Point", "coordinates": [ 89.902450463820514, 27.555967488117215, 0.000000000004792 ] } },
{ "type": "Feature", "properties": { "name": "Nalanda shedra", "descriptio": null, "timestamp": null, "begin": null, "end_": null, "altitudemo": null, "tessellate": -1, "extrude": 0, "visibility": -1, "draworder": 0, "icon": null, "layer": "Point Data of RHS in Punakha", "path": "E:\\BACK UP OF SANGAY'S WORKSPACE\\OFFICE WORK\\NLCS\\NSDI\\NSDI data Integration\\Data for NSDI\\Point Data of Registered HS\\Punakha (6)\\Ponit Data of RHS in Punakha.shp" }, "geometry": { "type": "Point", "coordinates": [ 89.824712408801275, 27.541265896076986, 0.000000000004792 ] } },
{ "type": "Feature", "properties": { "name": "Punakha Dzong", "descriptio": null, "timestamp": null, "begin": null, "end_": null, "altitudemo": null, "tessellate": -1, "extrude": 0, "visibility": -1, "draworder": 0, "icon": null, "layer": "Point Data of RHS in Punakha", "path": "E:\\BACK UP OF SANGAY'S WORKSPACE\\OFFICE WORK\\NLCS\\NSDI\\NSDI data Integration\\Data for NSDI\\Point Data of Registered HS\\Punakha (6)\\Ponit Data of RHS in Punakha.shp" }, "geometry": { "type": "Point", "coordinates": [ 89.863044511918105, 27.582150700769361, 0.000000000004792 ] } },
{ "type": "Feature", "properties": { "name": "Nobgang village", "descriptio": null, "timestamp": null, "begin": null, "end_": null, "altitudemo": null, "tessellate": -1, "extrude": 0, "visibility": -1, "draworder": 0, "icon": null, "layer": "Point Data of RHS in Punakha", "path": "E:\\BACK UP OF SANGAY'S WORKSPACE\\OFFICE WORK\\NLCS\\NSDI\\NSDI data Integration\\Data for NSDI\\Point Data of Registered HS\\Punakha (6)\\Ponit Data of RHS in Punakha.shp" }, "geometry": { "type": "Point", "coordinates": [ 89.843479493389196, 27.564711703880722, 0.000000000004792 ] } },
{ "type": "Feature", "properties": { "name": "Chimi Lhakhang", "descriptio": null, "timestamp": null, "begin": null, "end_": null, "altitudemo": null, "tessellate": -1, "extrude": 0, "visibility": -1, "draworder": 0, "icon": null, "layer": "Point Data of RHS in Punakha", "path": "E:\\BACK UP OF SANGAY'S WORKSPACE\\OFFICE WORK\\NLCS\\NSDI\\NSDI data Integration\\Data for NSDI\\Point Data of Registered HS\\Punakha (6)\\Ponit Data of RHS in Punakha.shp" }, "geometry": { "type": "Point", "coordinates": [ 89.878677560430972, 27.526859968874977, 0.000000000004792 ] } },
{ "type": "Feature", "properties": { "name": "Talo Sangagcholing goenpa", "descriptio": null, "timestamp": null, "begin": null, "end_": null, "altitudemo": null, "tessellate": -1, "extrude": 0, "visibility": -1, "draworder": 0, "icon": null, "layer": "Point Data of RHS in Punakha", "path": "E:\\BACK UP OF SANGAY'S WORKSPACE\\OFFICE WORK\\NLCS\\NSDI\\NSDI data Integration\\Data for NSDI\\Point Data of Registered HS\\Punakha (6)\\Ponit Data of RHS in Punakha.shp" }, "geometry": { "type": "Point", "coordinates": [ 89.822734169425317, 27.550560044433176, 0.000000000004792 ] } },
{ "type": "Feature", "properties": { "name": "Boegar Dragkarpo lhakhang", "descriptio": null, "timestamp": null, "begin": null, "end_": null, "altitudemo": null, "tessellate": -1, "extrude": 0, "visibility": -1, "draworder": 0, "icon": null, "layer": "Point Data of RHS in Punakha", "path": "E:\\BACK UP OF SANGAY'S WORKSPACE\\OFFICE WORK\\NLCS\\NSDI\\NSDI data Integration\\Data for NSDI\\Point Data of Registered HS\\Punakha (6)\\Ponit Data of RHS in Punakha.shp" }, "geometry": { "type": "Point", "coordinates": [ 89.768008013595946, 27.537082866585504, 0.000000000004792 ] } },
{ "type": "Feature", "properties": { "name": "Changyul Galem House", "descriptio": null, "timestamp": null, "begin": null, "end_": null, "altitudemo": null, "tessellate": -1, "extrude": 0, "visibility": -1, "draworder": 0, "icon": null, "layer": "Point Data of RHS in Punakha", "path": "E:\\BACK UP OF SANGAY'S WORKSPACE\\OFFICE WORK\\NLCS\\NSDI\\NSDI data Integration\\Data for NSDI\\Point Data of Registered HS\\Punakha (6)\\Ponit Data of RHS in Punakha.shp" }, "geometry": { "type": "Point", "coordinates": [ 89.861172399509798, 27.590338169733791, 0.000000000004792 ] } },
{ "type": "Feature", "properties": { "name": "Toeb chandana", "descriptio": null, "timestamp": null, "begin": null, "end_": null, "altitudemo": null, "tessellate": -1, "extrude": 0, "visibility": -1, "draworder": 0, "icon": null, "layer": "Point Data of RHS in Punakha", "path": "E:\\BACK UP OF SANGAY'S WORKSPACE\\OFFICE WORK\\NLCS\\NSDI\\NSDI data Integration\\Data for NSDI\\Point Data of Registered HS\\Punakha (6)\\Ponit Data of RHS in Punakha.shp" }, "geometry": { "type": "Point", "coordinates": [ 89.817461266218373, 27.533855318462976, 0.000000000004792 ] } },
{ "type": "Feature", "properties": { "name": "Bjiligang lhakhang", "descriptio": null, "timestamp": null, "begin": null, "end_": null, "altitudemo": null, "tessellate": -1, "extrude": 0, "visibility": -1, "draworder": 0, "icon": null, "layer": "Point Data of RHS in Punakha", "path": "E:\\BACK UP OF SANGAY'S WORKSPACE\\OFFICE WORK\\NLCS\\NSDI\\NSDI data Integration\\Data for NSDI\\Point Data of Registered HS\\Punakha (6)\\Ponit Data of RHS in Punakha.shp" }, "geometry": { "type": "Point", "coordinates": [ 89.849490525197112, 27.626018831938065, 0.000000000004792 ] } },
{ "type": "Feature", "properties": { "name": "Puankaha Dzong Bazam (Mochu and Phochu)", "descriptio": null, "timestamp": null, "begin": null, "end_": null, "altitudemo": null, "tessellate": -1, "extrude": 0, "visibility": -1, "draworder": 0, "icon": null, "layer": "Point Data of RHS in Punakha", "path": "E:\\BACK UP OF SANGAY'S WORKSPACE\\OFFICE WORK\\NLCS\\NSDI\\NSDI data Integration\\Data for NSDI\\Point Data of Registered HS\\Punakha (6)\\Ponit Data of RHS in Punakha.shp" }, "geometry": { "type": "Point", "coordinates": [ 89.86165693729933, 27.583288440462532, 0.000000000004792 ] } },
{ "type": "Feature", "properties": { "name": "Shivalaya lhakhang", "descriptio": null, "timestamp": null, "begin": null, "end_": null, "altitudemo": null, "tessellate": -1, "extrude": 0, "visibility": -1, "draworder": 0, "icon": null, "layer": "Point data of RHS in Samtse", "path": "E:\\BACK UP OF SANGAY'S WORKSPACE\\OFFICE WORK\\NLCS\\NSDI\\NSDI data Integration\\Data for NSDI\\Point Data of Registered HS\\Samtse (1)\\Point data of RHS in Samtse.shp" }, "geometry": { "type": "Point", "coordinates": [ 89.092996174568185, 26.900357011691376, 0.000000000004792 ] } },
{ "type": "Feature", "properties": { "name": "Gelephu Tsachu", "descriptio": null, "timestamp": null, "begin": null, "end_": null, "altitudemo": null, "tessellate": -1, "extrude": 0, "visibility": -1, "draworder": 0, "icon": null, "layer": "Point data of RHS in Sarpang", "path": "E:\\BACK UP OF SANGAY'S WORKSPACE\\OFFICE WORK\\NLCS\\NSDI\\NSDI data Integration\\Data for NSDI\\Point Data of Registered HS\\Sarpang (2)\\Point data of RHS in Sarpang.shp" }, "geometry": { "type": "Point", "coordinates": [ 90.512303706197216, 26.947275900018845, 0.000000000004792 ] } },
{ "type": "Feature", "properties": { "name": "Retey ney", "descriptio": null, "timestamp": null, "begin": null, "end_": null, "altitudemo": null, "tessellate": -1, "extrude": 0, "visibility": -1, "draworder": 0, "icon": null, "layer": "Point data of RHS in Sarpang", "path": "E:\\BACK UP OF SANGAY'S WORKSPACE\\OFFICE WORK\\NLCS\\NSDI\\NSDI data Integration\\Data for NSDI\\Point Data of Registered HS\\Sarpang (2)\\Point data of RHS in Sarpang.shp" }, "geometry": { "type": "Point", "coordinates": [ 90.411964563245661, 27.137188574780652, 0.000000000004792 ] } },
{ "type": "Feature", "properties": { "name": "Hongtsho Trashigang goenpa", "descriptio": null, "timestamp": null, "begin": null, "end_": null, "altitudemo": null, "tessellate": -1, "extrude": 0, "visibility": -1, "draworder": 0, "icon": null, "layer": "Point data of RHS in Thimphu", "path": "E:\\BACK UP OF SANGAY'S WORKSPACE\\OFFICE WORK\\NLCS\\NSDI\\NSDI data Integration\\Data for NSDI\\Point Data of Registered HS\\Thimphu (28)\\Point data of RHS in Thimphu.shp" }, "geometry": { "type": "Point", "coordinates": [ 89.720093629852443, 27.484939116227853, 0.000000000004792 ] } },
{ "type": "Feature", "properties": { "name": "Sarmazingkha Lhakhang", "descriptio": null, "timestamp": null, "begin": null, "end_": null, "altitudemo": null, "tessellate": -1, "extrude": 0, "visibility": -1, "draworder": 0, "icon": null, "layer": "Point data of RHS in Thimphu", "path": "E:\\BACK UP OF SANGAY'S WORKSPACE\\OFFICE WORK\\NLCS\\NSDI\\NSDI data Integration\\Data for NSDI\\Point Data of Registered HS\\Thimphu (28)\\Point data of RHS in Thimphu.shp" }, "geometry": { "type": "Point", "coordinates": [ 89.646773999643585, 27.461085999226192, 0.000000000004792 ] } },
{ "type": "Feature", "properties": { "name": "Baarp lhakhang", "descriptio": null, "timestamp": null, "begin": null, "end_": null, "altitudemo": null, "tessellate": -1, "extrude": 0, "visibility": -1, "draworder": 0, "icon": null, "layer": "Point data of RHS in Thimphu", "path": "E:\\BACK UP OF SANGAY'S WORKSPACE\\OFFICE WORK\\NLCS\\NSDI\\NSDI data Integration\\Data for NSDI\\Point Data of Registered HS\\Thimphu (28)\\Point data of RHS in Thimphu.shp" }, "geometry": { "type": "Point", "coordinates": [ 89.643307249146886, 27.429643342435956, 0.000000000004792 ] } },
{ "type": "Feature", "properties": { "name": "Thadra Goenpa Rigzin Gatshel", "descriptio": null, "timestamp": null, "begin": null, "end_": null, "altitudemo": null, "tessellate": -1, "extrude": 0, "visibility": -1, "draworder": 0, "icon": null, "layer": "Point data of RHS in Thimphu", "path": "E:\\BACK UP OF SANGAY'S WORKSPACE\\OFFICE WORK\\NLCS\\NSDI\\NSDI data Integration\\Data for NSDI\\Point Data of Registered HS\\Thimphu (28)\\Point data of RHS in Thimphu.shp" }, "geometry": { "type": "Point", "coordinates": [ 89.558434253118321, 27.200326347802783, 0.000000000004792 ] } },
{ "type": "Feature", "properties": { "name": "Tandin ney", "descriptio": null, "timestamp": null, "begin": null, "end_": null, "altitudemo": null, "tessellate": -1, "extrude": 0, "visibility": -1, "draworder": 0, "icon": null, "layer": "Point data of RHS in Thimphu", "path": "E:\\BACK UP OF SANGAY'S WORKSPACE\\OFFICE WORK\\NLCS\\NSDI\\NSDI data Integration\\Data for NSDI\\Point Data of Registered HS\\Thimphu (28)\\Point data of RHS in Thimphu.shp" }, "geometry": { "type": "Point", "coordinates": [ 89.650053187298852, 27.462949235803169, 0.000000000004792 ] } },
{ "type": "Feature", "properties": { "name": "Choekhortse lhakhang", "descriptio": null, "timestamp": null, "begin": null, "end_": null, "altitudemo": null, "tessellate": -1, "extrude": 0, "visibility": -1, "draworder": 0, "icon": null, "layer": "Point data of RHS in Thimphu", "path": "E:\\BACK UP OF SANGAY'S WORKSPACE\\OFFICE WORK\\NLCS\\NSDI\\NSDI data Integration\\Data for NSDI\\Point Data of Registered HS\\Thimphu (28)\\Point data of RHS in Thimphu.shp" }, "geometry": { "type": "Point", "coordinates": [ 89.611558419047029, 27.489818890173815, 0.000000000004792 ] } },
{ "type": "Feature", "properties": { "name": "Phajoding complex", "descriptio": null, "timestamp": null, "begin": null, "end_": null, "altitudemo": null, "tessellate": -1, "extrude": 0, "visibility": -1, "draworder": 0, "icon": null, "layer": "Point data of RHS in Thimphu", "path": "E:\\BACK UP OF SANGAY'S WORKSPACE\\OFFICE WORK\\NLCS\\NSDI\\NSDI data Integration\\Data for NSDI\\Point Data of Registered HS\\Thimphu (28)\\Point data of RHS in Thimphu.shp" }, "geometry": { "type": "Point", "coordinates": [ 89.574395646647318, 27.489251633578704, 0.000000000004792 ] } },
{ "type": "Feature", "properties": { "name": "Druk Wangyel complex", "descriptio": null, "timestamp": null, "begin": null, "end_": null, "altitudemo": null, "tessellate": -1, "extrude": 0, "visibility": -1, "draworder": 0, "icon": null, "layer": "Point data of RHS in Thimphu", "path": "E:\\BACK UP OF SANGAY'S WORKSPACE\\OFFICE WORK\\NLCS\\NSDI\\NSDI data Integration\\Data for NSDI\\Point Data of Registered HS\\Thimphu (28)\\Point data of RHS in Thimphu.shp" }, "geometry": { "type": "Point", "coordinates": [ 89.750327197900731, 27.490421615581941, 0.000000000004792 ] } },
{ "type": "Feature", "properties": { "name": "Dechenphu lhakhang", "descriptio": null, "timestamp": null, "begin": null, "end_": null, "altitudemo": null, "tessellate": -1, "extrude": 0, "visibility": -1, "draworder": 0, "icon": null, "layer": "Point data of RHS in Thimphu", "path": "E:\\BACK UP OF SANGAY'S WORKSPACE\\OFFICE WORK\\NLCS\\NSDI\\NSDI data Integration\\Data for NSDI\\Point Data of Registered HS\\Thimphu (28)\\Point data of RHS in Thimphu.shp" }, "geometry": { "type": "Point", "coordinates": [ 89.624851329295311, 27.542556479298071, 0.000000000004792 ] } },
{ "type": "Feature", "properties": { "name": "Simtokha Dzong", "descriptio": null, "timestamp": null, "begin": null, "end_": null, "altitudemo": null, "tessellate": -1, "extrude": 0, "visibility": -1, "draworder": 0, "icon": null, "layer": "Point data of RHS in Thimphu", "path": "E:\\BACK UP OF SANGAY'S WORKSPACE\\OFFICE WORK\\NLCS\\NSDI\\NSDI data Integration\\Data for NSDI\\Point Data of Registered HS\\Thimphu (28)\\Point data of RHS in Thimphu.shp" }, "geometry": { "type": "Point", "coordinates": [ 89.669627198862074, 27.438335880795854, 0.000000000004792 ] } },
{ "type": "Feature", "properties": { "name": "Kabesa Lham Pelzom's House", "descriptio": null, "timestamp": null, "begin": null, "end_": null, "altitudemo": null, "tessellate": -1, "extrude": 0, "visibility": -1, "draworder": 0, "icon": null, "layer": "Point data of RHS in Thimphu", "path": "E:\\BACK UP OF SANGAY'S WORKSPACE\\OFFICE WORK\\NLCS\\NSDI\\NSDI data Integration\\Data for NSDI\\Point Data of Registered HS\\Thimphu (28)\\Point data of RHS in Thimphu.shp" }, "geometry": { "type": "Point", "coordinates": [ 89.654645797239468, 27.546268186577258, 0.000000000004792 ] } },
{ "type": "Feature", "properties": { "name": "Memorial Choeten/ Gongzo Choeten", "descriptio": null, "timestamp": null, "begin": null, "end_": null, "altitudemo": null, "tessellate": -1, "extrude": 0, "visibility": -1, "draworder": 0, "icon": null, "layer": "Point data of RHS in Thimphu", "path": "E:\\BACK UP OF SANGAY'S WORKSPACE\\OFFICE WORK\\NLCS\\NSDI\\NSDI data Integration\\Data for NSDI\\Point Data of Registered HS\\Thimphu (28)\\Point data of RHS in Thimphu.shp" }, "geometry": { "type": "Point", "coordinates": [ 89.637891292824207, 27.466643597512942, 0.000000000004792 ] } },
{ "type": "Feature", "properties": { "name": "Am Bokom's house", "descriptio": null, "timestamp": null, "begin": null, "end_": null, "altitudemo": null, "tessellate": -1, "extrude": 0, "visibility": -1, "draworder": 0, "icon": null, "layer": "Point data of RHS in Thimphu", "path": "E:\\BACK UP OF SANGAY'S WORKSPACE\\OFFICE WORK\\NLCS\\NSDI\\NSDI data Integration\\Data for NSDI\\Point Data of Registered HS\\Thimphu (28)\\Point data of RHS in Thimphu.shp" }, "geometry": { "type": "Point", "coordinates": [ 89.638369758002398, 27.492477384452044, 0.000000000004792 ] } },
{ "type": "Feature", "properties": { "name": "Jagoe Dzong", "descriptio": null, "timestamp": null, "begin": null, "end_": null, "altitudemo": null, "tessellate": -1, "extrude": 0, "visibility": -1, "draworder": 0, "icon": null, "layer": "Point data of RHS in Thimphu", "path": "E:\\BACK UP OF SANGAY'S WORKSPACE\\OFFICE WORK\\NLCS\\NSDI\\NSDI data Integration\\Data for NSDI\\Point Data of Registered HS\\Thimphu (28)\\Point data of RHS in Thimphu.shp" }, "geometry": { "type": "Point", "coordinates": [ 89.438098518517478, 27.890428782032679, 0.000000000004792 ] } },
{ "type": "Feature", "properties": { "name": "Lingzhi Dzong", "descriptio": null, "timestamp": null, "begin": null, "end_": null, "altitudemo": null, "tessellate": -1, "extrude": 0, "visibility": -1, "draworder": 0, "icon": null, "layer": "Point data of RHS in Thimphu", "path": "E:\\BACK UP OF SANGAY'S WORKSPACE\\OFFICE WORK\\NLCS\\NSDI\\NSDI data Integration\\Data for NSDI\\Point Data of Registered HS\\Thimphu (28)\\Point data of RHS in Thimphu.shp" }, "geometry": { "type": "Point", "coordinates": [ 89.432621100361359, 27.85681419897643, 0.000000000004792 ] } },
{ "type": "Feature", "properties": { "name": "Tango Monastery", "descriptio": null, "timestamp": null, "begin": null, "end_": null, "altitudemo": null, "tessellate": -1, "extrude": 0, "visibility": -1, "draworder": 0, "icon": null, "layer": "Point data of RHS in Thimphu", "path": "E:\\BACK UP OF SANGAY'S WORKSPACE\\OFFICE WORK\\NLCS\\NSDI\\NSDI data Integration\\Data for NSDI\\Point Data of Registered HS\\Thimphu (28)\\Point data of RHS in Thimphu.shp" }, "geometry": { "type": "Point", "coordinates": [ 89.638736308367569, 27.593209584100446, 0.000000000004792 ] } },
{ "type": "Feature", "properties": { "name": "Pangrizampa lhakhang complex", "descriptio": null, "timestamp": null, "begin": null, "end_": null, "altitudemo": null, "tessellate": -1, "extrude": 0, "visibility": -1, "draworder": 0, "icon": null, "layer": "Point data of RHS in Thimphu", "path": "E:\\BACK UP OF SANGAY'S WORKSPACE\\OFFICE WORK\\NLCS\\NSDI\\NSDI data Integration\\Data for NSDI\\Point Data of Registered HS\\Thimphu (28)\\Point data of RHS in Thimphu.shp" }, "geometry": { "type": "Point", "coordinates": [ 89.648695075624758, 27.537089632453458, 0.000000000004792 ] } },
{ "type": "Feature", "properties": { "name": "Changangkha Lhakhang", "descriptio": null, "timestamp": null, "begin": null, "end_": null, "altitudemo": null, "tessellate": -1, "extrude": 0, "visibility": -1, "draworder": 0, "icon": null, "layer": "Point data of RHS in Thimphu", "path": "E:\\BACK UP OF SANGAY'S WORKSPACE\\OFFICE WORK\\NLCS\\NSDI\\NSDI data Integration\\Data for NSDI\\Point Data of Registered HS\\Thimphu (28)\\Point data of RHS in Thimphu.shp" }, "geometry": { "type": "Point", "coordinates": [ 89.628223120679948, 27.473377184586163, 0.000000000004792 ] } },
{ "type": "Feature", "properties": { "name": "Druk Dechenphodrang Tshuglakhang", "descriptio": null, "timestamp": null, "begin": null, "end_": null, "altitudemo": null, "tessellate": -1, "extrude": 0, "visibility": -1, "draworder": 0, "icon": null, "layer": "Point data of RHS in Thimphu", "path": "E:\\BACK UP OF SANGAY'S WORKSPACE\\OFFICE WORK\\NLCS\\NSDI\\NSDI data Integration\\Data for NSDI\\Point Data of Registered HS\\Thimphu (28)\\Point data of RHS in Thimphu.shp" }, "geometry": { "type": "Point", "coordinates": [ 89.632525501121933, 27.501179699059747, 0.000000000004792 ] } },
{ "type": "Feature", "properties": { "name": "Tsalung Nye lhakhang", "descriptio": null, "timestamp": null, "begin": null, "end_": null, "altitudemo": null, "tessellate": -1, "extrude": 0, "visibility": -1, "draworder": 0, "icon": null, "layer": "Point data of RHS in Thimphu", "path": "E:\\BACK UP OF SANGAY'S WORKSPACE\\OFFICE WORK\\NLCS\\NSDI\\NSDI data Integration\\Data for NSDI\\Point Data of Registered HS\\Thimphu (28)\\Point data of RHS in Thimphu.shp" }, "geometry": { "type": "Point", "coordinates": [ 89.512621555237132, 27.493354108317796, 0.000000000004792 ] } },
{ "type": "Feature", "properties": { "name": "Druk Wangditse Lhakhang", "descriptio": null, "timestamp": null, "begin": null, "end_": null, "altitudemo": null, "tessellate": -1, "extrude": 0, "visibility": -1, "draworder": 0, "icon": null, "layer": "Point data of RHS in Thimphu", "path": "E:\\BACK UP OF SANGAY'S WORKSPACE\\OFFICE WORK\\NLCS\\NSDI\\NSDI data Integration\\Data for NSDI\\Point Data of Registered HS\\Thimphu (28)\\Point data of RHS in Thimphu.shp" }, "geometry": { "type": "Point", "coordinates": [ 89.626375339141106, 27.495974161926373, 0.000000000004792 ] } },
{ "type": "Feature", "properties": { "name": "Lungchuze Dechen Yangtse Lhakhang", "descriptio": null, "timestamp": null, "begin": null, "end_": null, "altitudemo": null, "tessellate": -1, "extrude": 0, "visibility": -1, "draworder": 0, "icon": null, "layer": "Point data of RHS in Thimphu", "path": "E:\\BACK UP OF SANGAY'S WORKSPACE\\OFFICE WORK\\NLCS\\NSDI\\NSDI data Integration\\Data for NSDI\\Point Data of Registered HS\\Thimphu (28)\\Point data of RHS in Thimphu.shp" }, "geometry": { "type": "Point", "coordinates": [ 89.761803738000737, 27.467416985329915, 0.000000000004792 ] } },
{ "type": "Feature", "properties": { "name": "Jomolhari Goenpa", "descriptio": null, "timestamp": null, "begin": null, "end_": null, "altitudemo": null, "tessellate": -1, "extrude": 0, "visibility": -1, "draworder": 0, "icon": null, "layer": "Point data of RHS in Thimphu", "path": "E:\\BACK UP OF SANGAY'S WORKSPACE\\OFFICE WORK\\NLCS\\NSDI\\NSDI data Integration\\Data for NSDI\\Point Data of Registered HS\\Thimphu (28)\\Point data of RHS in Thimphu.shp" }, "geometry": { "type": "Point", "coordinates": [ 89.267676975400377, 27.780038204719876, 0.000000000004792 ] } },
{ "type": "Feature", "properties": { "name": "Chizhi goenpa", "descriptio": null, "timestamp": null, "begin": null, "end_": null, "altitudemo": null, "tessellate": -1, "extrude": 0, "visibility": -1, "draworder": 0, "icon": null, "layer": "Point data of RHS in Thimphu", "path": "E:\\BACK UP OF SANGAY'S WORKSPACE\\OFFICE WORK\\NLCS\\NSDI\\NSDI data Integration\\Data for NSDI\\Point Data of Registered HS\\Thimphu (28)\\Point data of RHS in Thimphu.shp" }, "geometry": { "type": "Point", "coordinates": [ 89.595141888689412, 27.311507197167263, 0.000000000004792 ] } },
{ "type": "Feature", "properties": { "name": "Chari Dorjidhen Tshuglakhang", "descriptio": null, "timestamp": null, "begin": null, "end_": null, "altitudemo": null, "tessellate": -1, "extrude": 0, "visibility": -1, "draworder": 0, "icon": null, "layer": "Point data of RHS in Thimphu", "path": "E:\\BACK UP OF SANGAY'S WORKSPACE\\OFFICE WORK\\NLCS\\NSDI\\NSDI data Integration\\Data for NSDI\\Point Data of Registered HS\\Thimphu (28)\\Point data of RHS in Thimphu.shp" }, "geometry": { "type": "Point", "coordinates": [ 89.625651863859076, 27.595808487126881, 0.000000000004792 ] } },
{ "type": "Feature", "properties": { "name": "Khandro Sonam Peldron Zimchung", "descriptio": null, "timestamp": null, "begin": null, "end_": null, "altitudemo": null, "tessellate": -1, "extrude": 0, "visibility": -1, "draworder": 0, "icon": null, "layer": "Point data of RHS in Thimphu", "path": "E:\\BACK UP OF SANGAY'S WORKSPACE\\OFFICE WORK\\NLCS\\NSDI\\NSDI data Integration\\Data for NSDI\\Point Data of Registered HS\\Thimphu (28)\\Point data of RHS in Thimphu.shp" }, "geometry": { "type": "Point", "coordinates": [ 89.605908654612065, 27.404222536610675, 0.000000000004792 ] } },
{ "type": "Feature", "properties": { "name": "Pumola Dechen Choekhor lhakhang", "descriptio": null, "timestamp": null, "begin": null, "end_": null, "altitudemo": null, "tessellate": -1, "extrude": 0, "visibility": -1, "draworder": 0, "icon": null, "layer": "Point data of RHS in Thimphu", "path": "E:\\BACK UP OF SANGAY'S WORKSPACE\\OFFICE WORK\\NLCS\\NSDI\\NSDI data Integration\\Data for NSDI\\Point Data of Registered HS\\Thimphu (28)\\Point data of RHS in Thimphu.shp" }, "geometry": { "type": "Point", "coordinates": [ 89.564251263197903, 27.474805838537112, 0.000000000004792 ] } },
{ "type": "Feature", "properties": { "name": "Buddha Dodrenma Statue", "descriptio": null, "timestamp": null, "begin": null, "end_": null, "altitudemo": null, "tessellate": -1, "extrude": 0, "visibility": -1, "draworder": 0, "icon": null, "layer": "Point data of RHS in Thimphu", "path": "E:\\BACK UP OF SANGAY'S WORKSPACE\\OFFICE WORK\\NLCS\\NSDI\\NSDI data Integration\\Data for NSDI\\Point Data of Registered HS\\Thimphu (28)\\Point data of RHS in Thimphu.shp" }, "geometry": { "type": "Point", "coordinates": [ 89.64541871766265, 27.443653176531765, 0.000000000004792 ] } },
{ "type": "Feature", "properties": { "name": "Jadrung Lhakhang (R)", "descriptio": null, "timestamp": null, "begin": null, "end_": null, "altitudemo": null, "tessellate": -1, "extrude": 0, "visibility": -1, "draworder": 0, "icon": null, "layer": "Point data of RHS in Trashigang", "path": "E:\\BACK UP OF SANGAY'S WORKSPACE\\OFFICE WORK\\NLCS\\NSDI\\NSDI data Integration\\Data for NSDI\\Point Data of Registered HS\\Trashigang (6)\\Point data of RHS in Trashigang.shp" }, "geometry": { "type": "Point", "coordinates": [ 91.504752776999766, 27.34370277648479, 0.000000000004792 ] } },
{ "type": "Feature", "properties": { "name": "Trashigang Dzong (R)", "descriptio": null, "timestamp": null, "begin": null, "end_": null, "altitudemo": null, "tessellate": -1, "extrude": 0, "visibility": -1, "draworder": 0, "icon": null, "layer": "Point data of RHS in Trashigang", "path": "E:\\BACK UP OF SANGAY'S WORKSPACE\\OFFICE WORK\\NLCS\\NSDI\\NSDI data Integration\\Data for NSDI\\Point Data of Registered HS\\Trashigang (6)\\Point data of RHS in Trashigang.shp" }, "geometry": { "type": "Point", "coordinates": [ 91.551611110278429, 27.336958333064022, 0.000000000004792 ] } },
{ "type": "Feature", "properties": { "name": "Yoeju Guru lhakhang (R)", "descriptio": null, "timestamp": null, "begin": null, "end_": null, "altitudemo": null, "tessellate": -1, "extrude": 0, "visibility": -1, "draworder": 0, "icon": null, "layer": "Point data of RHS in Trashigang", "path": "E:\\BACK UP OF SANGAY'S WORKSPACE\\OFFICE WORK\\NLCS\\NSDI\\NSDI data Integration\\Data for NSDI\\Point Data of Registered HS\\Trashigang (6)\\Point data of RHS in Trashigang.shp" }, "geometry": { "type": "Point", "coordinates": [ 91.921758333431981, 27.402352776843117, 0.000000000004792 ] } },
{ "type": "Feature", "properties": { "name": "Goengo Tashi Chholing lhakhang", "descriptio": null, "timestamp": null, "begin": null, "end_": null, "altitudemo": null, "tessellate": -1, "extrude": 0, "visibility": -1, "draworder": 0, "icon": null, "layer": "Point data of RHS in Trashigang", "path": "E:\\BACK UP OF SANGAY'S WORKSPACE\\OFFICE WORK\\NLCS\\NSDI\\NSDI data Integration\\Data for NSDI\\Point Data of Registered HS\\Trashigang (6)\\Point data of RHS in Trashigang.shp" }, "geometry": { "type": "Point", "coordinates": [ 91.846144444615064, 27.297413887353933, 0.000000000004792 ] } },
{ "type": "Feature", "properties": { "name": "Borangtse lhakhang (R)", "descriptio": null, "timestamp": null, "begin": null, "end_": null, "altitudemo": null, "tessellate": -1, "extrude": 0, "visibility": -1, "draworder": 0, "icon": null, "layer": "Point data of RHS in Trashigang", "path": "E:\\BACK UP OF SANGAY'S WORKSPACE\\OFFICE WORK\\NLCS\\NSDI\\NSDI data Integration\\Data for NSDI\\Point Data of Registered HS\\Trashigang (6)\\Point data of RHS in Trashigang.shp" }, "geometry": { "type": "Point", "coordinates": [ 91.932582973316812, 27.411697173978624, 0.000000000004792 ] } },
{ "type": "Feature", "properties": { "name": "Merak Village (R)", "descriptio": null, "timestamp": null, "begin": null, "end_": null, "altitudemo": null, "tessellate": -1, "extrude": 0, "visibility": -1, "draworder": 0, "icon": null, "layer": "Point data of RHS in Trashigang", "path": "E:\\BACK UP OF SANGAY'S WORKSPACE\\OFFICE WORK\\NLCS\\NSDI\\NSDI data Integration\\Data for NSDI\\Point Data of Registered HS\\Trashigang (6)\\Point data of RHS in Trashigang.shp" }, "geometry": { "type": "Point", "coordinates": [ 91.857708333300025, 27.302027776870766, 0.000000000004792 ] } },
{ "type": "Feature", "properties": { "name": "Omba Ney", "descriptio": null, "timestamp": null, "begin": null, "end_": null, "altitudemo": null, "tessellate": -1, "extrude": 0, "visibility": -1, "draworder": 0, "icon": null, "layer": "Point data of RHS in Trashiyangtse", "path": "E:\\BACK UP OF SANGAY'S WORKSPACE\\OFFICE WORK\\NLCS\\NSDI\\NSDI data Integration\\Data for NSDI\\Point Data of Registered HS\\Trashiyangtse (9)\\Point data of RHS in Trashiyangtse.shp" }, "geometry": { "type": "Point", "coordinates": [ 91.604857120997309, 27.508534713536591, 0.000000000004792 ] } },
{ "type": "Feature", "properties": { "name": "Gomphu Khora lhakhang", "descriptio": null, "timestamp": null, "begin": null, "end_": null, "altitudemo": null, "tessellate": -1, "extrude": 0, "visibility": -1, "draworder": 0, "icon": null, "layer": "Point data of RHS in Trashiyangtse", "path": "E:\\BACK UP OF SANGAY'S WORKSPACE\\OFFICE WORK\\NLCS\\NSDI\\NSDI data Integration\\Data for NSDI\\Point Data of Registered HS\\Trashiyangtse (9)\\Point data of RHS in Trashiyangtse.shp" }, "geometry": { "type": "Point", "coordinates": [ 91.564227983478162, 27.425468845877848, 0.000000000004792 ] } },
{ "type": "Feature", "properties": { "name": "Nyechog Dechenphodrang lhakhang", "descriptio": null, "timestamp": null, "begin": null, "end_": null, "altitudemo": null, "tessellate": -1, "extrude": 0, "visibility": -1, "draworder": 0, "icon": null, "layer": "Point data of RHS in Trashiyangtse", "path": "E:\\BACK UP OF SANGAY'S WORKSPACE\\OFFICE WORK\\NLCS\\NSDI\\NSDI data Integration\\Data for NSDI\\Point Data of Registered HS\\Trashiyangtse (9)\\Point data of RHS in Trashiyangtse.shp" }, "geometry": { "type": "Point", "coordinates": [ 91.52625729236307, 27.67809708833337, 0.000000000004792 ] } },
{ "type": "Feature", "properties": { "name": "Chorten Kora", "descriptio": null, "timestamp": null, "begin": null, "end_": null, "altitudemo": null, "tessellate": -1, "extrude": 0, "visibility": -1, "draworder": 0, "icon": null, "layer": "Point data of RHS in Trashiyangtse", "path": "E:\\BACK UP OF SANGAY'S WORKSPACE\\OFFICE WORK\\NLCS\\NSDI\\NSDI data Integration\\Data for NSDI\\Point Data of Registered HS\\Trashiyangtse (9)\\Point data of RHS in Trashiyangtse.shp" }, "geometry": { "type": "Point", "coordinates": [ 91.494912067235532, 27.606023500258658, 0.000000000004792 ] } },
{ "type": "Feature", "properties": { "name": "Rigsum Goenpa", "descriptio": null, "timestamp": null, "begin": null, "end_": null, "altitudemo": null, "tessellate": -1, "extrude": 0, "visibility": -1, "draworder": 0, "icon": null, "layer": "Point data of RHS in Trashiyangtse", "path": "E:\\BACK UP OF SANGAY'S WORKSPACE\\OFFICE WORK\\NLCS\\NSDI\\NSDI data Integration\\Data for NSDI\\Point Data of Registered HS\\Trashiyangtse (9)\\Point data of RHS in Trashiyangtse.shp" }, "geometry": { "type": "Point", "coordinates": [ 91.459362804731725, 27.693298965402661, 0.000000000004792 ] } },
{ "type": "Feature", "properties": { "name": "Dongdi Dzong Utse", "descriptio": null, "timestamp": null, "begin": null, "end_": null, "altitudemo": null, "tessellate": -1, "extrude": 0, "visibility": -1, "draworder": 0, "icon": null, "layer": "Point data of RHS in Trashiyangtse", "path": "E:\\BACK UP OF SANGAY'S WORKSPACE\\OFFICE WORK\\NLCS\\NSDI\\NSDI data Integration\\Data for NSDI\\Point Data of Registered HS\\Trashiyangtse (9)\\Point data of RHS in Trashiyangtse.shp" }, "geometry": { "type": "Point", "coordinates": [ 91.493967459069879, 27.58439995255964, 0.000000000004792 ] } },
{ "type": "Feature", "properties": { "name": "Tsenkhar Dzong Ruin", "descriptio": null, "timestamp": null, "begin": null, "end_": null, "altitudemo": null, "tessellate": -1, "extrude": 0, "visibility": -1, "draworder": 0, "icon": null, "layer": "Point data of RHS in Trashiyangtse", "path": "E:\\BACK UP OF SANGAY'S WORKSPACE\\OFFICE WORK\\NLCS\\NSDI\\NSDI data Integration\\Data for NSDI\\Point Data of Registered HS\\Trashiyangtse (9)\\Point data of RHS in Trashiyangtse.shp" }, "geometry": { "type": "Point", "coordinates": [ 91.5688722752937, 27.465628299571488, 0.000000000004792 ] } },
{ "type": "Feature", "properties": { "name": "Kheni Village", "descriptio": null, "timestamp": null, "begin": null, "end_": null, "altitudemo": null, "tessellate": -1, "extrude": 0, "visibility": -1, "draworder": 0, "icon": null, "layer": "Point data of RHS in Trashiyangtse", "path": "E:\\BACK UP OF SANGAY'S WORKSPACE\\OFFICE WORK\\NLCS\\NSDI\\NSDI data Integration\\Data for NSDI\\Point Data of Registered HS\\Trashiyangtse (9)\\Point data of RHS in Trashiyangtse.shp" }, "geometry": { "type": "Point", "coordinates": [ 91.608623168587116, 27.48151668558474, 0.000000000004792 ] } },
{ "type": "Feature", "properties": { "name": "Baychen Nagtshang", "descriptio": null, "timestamp": null, "begin": null, "end_": null, "altitudemo": null, "tessellate": -1, "extrude": 0, "visibility": -1, "draworder": 0, "icon": null, "layer": "Point data of RHS in Trashiyangtse", "path": "E:\\BACK UP OF SANGAY'S WORKSPACE\\OFFICE WORK\\NLCS\\NSDI\\NSDI data Integration\\Data for NSDI\\Point Data of Registered HS\\Trashiyangtse (9)\\Point data of RHS in Trashiyangtse.shp" }, "geometry": { "type": "Point", "coordinates": [ 91.48295187598319, 27.612994208804974, 0.000000000004792 ] } },
{ "type": "Feature", "properties": { "name": "Kuengarabten Lhakhang(Kuenga Rabten Dzong as per DCP)", "descriptio": null, "timestamp": null, "begin": null, "end_": null, "altitudemo": null, "tessellate": -1, "extrude": 0, "visibility": -1, "draworder": 0, "icon": null, "layer": "Point data of RHS in Trongsa", "path": "E:\\BACK UP OF SANGAY'S WORKSPACE\\OFFICE WORK\\NLCS\\NSDI\\NSDI data Integration\\Data for NSDI\\Point Data of Registered HS\\Trongsa (11)\\Point data of RHS in Trongsa.shp" }, "geometry": { "type": "Point", "coordinates": [ 90.517996973346399, 27.410890743573734, 0.000000000004792 ] } },
{ "type": "Feature", "properties": { "name": "Nabji village", "descriptio": null, "timestamp": null, "begin": null, "end_": null, "altitudemo": null, "tessellate": -1, "extrude": 0, "visibility": -1, "draworder": 0, "icon": null, "layer": "Point data of RHS in Trongsa", "path": "E:\\BACK UP OF SANGAY'S WORKSPACE\\OFFICE WORK\\NLCS\\NSDI\\NSDI data Integration\\Data for NSDI\\Point Data of Registered HS\\Trongsa (11)\\Point data of RHS in Trongsa.shp" }, "geometry": { "type": "Point", "coordinates": [ 90.516842802598006, 27.191141062033495, 0.000000000004792 ] } },
{ "type": "Feature", "properties": { "name": "Korphoog community Lhakhang", "descriptio": null, "timestamp": null, "begin": null, "end_": null, "altitudemo": null, "tessellate": -1, "extrude": 0, "visibility": -1, "draworder": 0, "icon": null, "layer": "Point data of RHS in Trongsa", "path": "E:\\BACK UP OF SANGAY'S WORKSPACE\\OFFICE WORK\\NLCS\\NSDI\\NSDI data Integration\\Data for NSDI\\Point Data of Registered HS\\Trongsa (11)\\Point data of RHS in Trongsa.shp" }, "geometry": { "type": "Point", "coordinates": [ 90.528799754525437, 27.176007047851925, 0.000000000004792 ] } },
{ "type": "Feature", "properties": { "name": "Trongsa Dzong", "descriptio": null, "timestamp": null, "begin": null, "end_": null, "altitudemo": null, "tessellate": -1, "extrude": 0, "visibility": -1, "draworder": 0, "icon": null, "layer": "Point data of RHS in Trongsa", "path": "E:\\BACK UP OF SANGAY'S WORKSPACE\\OFFICE WORK\\NLCS\\NSDI\\NSDI data Integration\\Data for NSDI\\Point Data of Registered HS\\Trongsa (11)\\Point data of RHS in Trongsa.shp" }, "geometry": { "type": "Point", "coordinates": [ 90.50493434532288, 27.499138860989675, 0.000000000004792 ] } },
{ "type": "Feature", "properties": { "name": "Nabji Lhakhang", "descriptio": null, "timestamp": null, "begin": null, "end_": null, "altitudemo": null, "tessellate": -1, "extrude": 0, "visibility": -1, "draworder": 0, "icon": null, "layer": "Point data of RHS in Trongsa", "path": "E:\\BACK UP OF SANGAY'S WORKSPACE\\OFFICE WORK\\NLCS\\NSDI\\NSDI data Integration\\Data for NSDI\\Point Data of Registered HS\\Trongsa (11)\\Point data of RHS in Trongsa.shp" }, "geometry": { "type": "Point", "coordinates": [ 90.520465665918053, 27.190721066746157, 0.000000000004792 ] } },
{ "type": "Feature", "properties": { "name": "Samcholing Lhakhang/Dzong", "descriptio": null, "timestamp": null, "begin": null, "end_": null, "altitudemo": null, "tessellate": -1, "extrude": 0, "visibility": -1, "draworder": 0, "icon": null, "layer": "Point data of RHS in Trongsa", "path": "E:\\BACK UP OF SANGAY'S WORKSPACE\\OFFICE WORK\\NLCS\\NSDI\\NSDI data Integration\\Data for NSDI\\Point Data of Registered HS\\Trongsa (11)\\Point data of RHS in Trongsa.shp" }, "geometry": { "type": "Point", "coordinates": [ 90.534524042298031, 27.395640717174363, 0.000000000004792 ] } },
{ "type": "Feature", "properties": { "name": "Chendebji Choeten", "descriptio": null, "timestamp": null, "begin": null, "end_": null, "altitudemo": null, "tessellate": -1, "extrude": 0, "visibility": -1, "draworder": 0, "icon": null, "layer": "Point data of RHS in Trongsa", "path": "E:\\BACK UP OF SANGAY'S WORKSPACE\\OFFICE WORK\\NLCS\\NSDI\\NSDI data Integration\\Data for NSDI\\Point Data of Registered HS\\Trongsa (11)\\Point data of RHS in Trongsa.shp" }, "geometry": { "type": "Point", "coordinates": [ 90.349367314997892, 27.474433402473618, 0.000000000004792 ] } },
{ "type": "Feature", "properties": { "name": "Taktse Khomling Lhakhang", "descriptio": null, "timestamp": null, "begin": null, "end_": null, "altitudemo": null, "tessellate": -1, "extrude": 0, "visibility": -1, "draworder": 0, "icon": null, "layer": "Point data of RHS in Trongsa", "path": "E:\\BACK UP OF SANGAY'S WORKSPACE\\OFFICE WORK\\NLCS\\NSDI\\NSDI data Integration\\Data for NSDI\\Point Data of Registered HS\\Trongsa (11)\\Point data of RHS in Trongsa.shp" }, "geometry": { "type": "Point", "coordinates": [ 90.482840995968942, 27.437533378523185, 0.000000000004792 ] } },
{ "type": "Feature", "properties": { "name": "Yundrup choling Palace", "descriptio": null, "timestamp": null, "begin": null, "end_": null, "altitudemo": null, "tessellate": -1, "extrude": 0, "visibility": -1, "draworder": 0, "icon": null, "layer": "Point data of RHS in Trongsa", "path": "E:\\BACK UP OF SANGAY'S WORKSPACE\\OFFICE WORK\\NLCS\\NSDI\\NSDI data Integration\\Data for NSDI\\Point Data of Registered HS\\Trongsa (11)\\Point data of RHS in Trongsa.shp" }, "geometry": { "type": "Point", "coordinates": [ 90.561050143692853, 27.365358457962493, 0.000000000004792 ] } },
{ "type": "Feature", "properties": { "name": "Wenkhar Lhakhang", "descriptio": null, "timestamp": null, "begin": null, "end_": null, "altitudemo": null, "tessellate": -1, "extrude": 0, "visibility": -1, "draworder": 0, "icon": null, "layer": "Point data of RHS in Trongsa", "path": "E:\\BACK UP OF SANGAY'S WORKSPACE\\OFFICE WORK\\NLCS\\NSDI\\NSDI data Integration\\Data for NSDI\\Point Data of Registered HS\\Trongsa (11)\\Point data of RHS in Trongsa.shp" }, "geometry": { "type": "Point", "coordinates": [ 90.583775488391879, 27.337784830774456, 0.000000000004792 ] } },
{ "type": "Feature", "properties": { "name": "Bemji Choeje Nagtshang", "descriptio": null, "timestamp": null, "begin": null, "end_": null, "altitudemo": null, "tessellate": -1, "extrude": 0, "visibility": -1, "draworder": 0, "icon": null, "layer": "Point data of RHS in Trongsa", "path": "E:\\BACK UP OF SANGAY'S WORKSPACE\\OFFICE WORK\\NLCS\\NSDI\\NSDI data Integration\\Data for NSDI\\Point Data of Registered HS\\Trongsa (11)\\Point data of RHS in Trongsa.shp" }, "geometry": { "type": "Point", "coordinates": [ 90.461631902366591, 27.571812018801793, 0.000000000004792 ] } },
{ "type": "Feature", "properties": { "name": "Tsirang toed Dzong", "descriptio": null, "timestamp": null, "begin": null, "end_": null, "altitudemo": null, "tessellate": -1, "extrude": 0, "visibility": -1, "draworder": 0, "icon": null, "layer": "Point data of RHS in Tsirang", "path": "E:\\BACK UP OF SANGAY'S WORKSPACE\\OFFICE WORK\\NLCS\\NSDI\\NSDI data Integration\\Data for NSDI\\Point Data of Registered HS\\Tsirang (1)\\Point data of RHS in Tsirang.shp" }, "geometry": { "type": "Point", "coordinates": [ 90.122888100797951, 27.00149780105761, 0.000000000004792 ] } },
{ "type": "Feature", "properties": { "name": "Wangdue Dzong", "descriptio": null, "timestamp": null, "begin": null, "end_": null, "altitudemo": null, "tessellate": -1, "extrude": 0, "visibility": -1, "draworder": 0, "icon": null, "layer": "Point data of RHS in Wangduephodrang", "path": "E:\\BACK UP OF SANGAY'S WORKSPACE\\OFFICE WORK\\NLCS\\NSDI\\NSDI data Integration\\Data for NSDI\\Point Data of Registered HS\\Wangduephodrang (9)\\Point data of RHS in Wangduephodrang.shp" }, "geometry": { "type": "Point", "coordinates": [ 89.897094932675415, 27.474996663532622, 0.000000000004792 ] } },
{ "type": "Feature", "properties": { "name": "Bae Langdra ney", "descriptio": null, "timestamp": null, "begin": null, "end_": null, "altitudemo": null, "tessellate": -1, "extrude": 0, "visibility": -1, "draworder": 0, "icon": null, "layer": "Point data of RHS in Wangduephodrang", "path": "E:\\BACK UP OF SANGAY'S WORKSPACE\\OFFICE WORK\\NLCS\\NSDI\\NSDI data Integration\\Data for NSDI\\Point Data of Registered HS\\Wangduephodrang (9)\\Point data of RHS in Wangduephodrang.shp" }, "geometry": { "type": "Point", "coordinates": [ 90.036405304915618, 27.623578773208006, 0.000000000004792 ] } },
{ "type": "Feature", "properties": { "name": "Ulla lhakhang", "descriptio": null, "timestamp": null, "begin": null, "end_": null, "altitudemo": null, "tessellate": -1, "extrude": 0, "visibility": -1, "draworder": 0, "icon": null, "layer": "Point data of RHS in Wangduephodrang", "path": "E:\\BACK UP OF SANGAY'S WORKSPACE\\OFFICE WORK\\NLCS\\NSDI\\NSDI data Integration\\Data for NSDI\\Point Data of Registered HS\\Wangduephodrang (9)\\Point data of RHS in Wangduephodrang.shp" }, "geometry": { "type": "Point", "coordinates": [ 89.95415719962196, 27.326488699614043, 0.000000000004792 ] } },
{ "type": "Feature", "properties": { "name": "Rinchengang village", "descriptio": null, "timestamp": null, "begin": null, "end_": null, "altitudemo": null, "tessellate": -1, "extrude": 0, "visibility": -1, "draworder": 0, "icon": null, "layer": "Point data of RHS in Wangduephodrang", "path": "E:\\BACK UP OF SANGAY'S WORKSPACE\\OFFICE WORK\\NLCS\\NSDI\\NSDI data Integration\\Data for NSDI\\Point Data of Registered HS\\Wangduephodrang (9)\\Point data of RHS in Wangduephodrang.shp" }, "geometry": { "type": "Point", "coordinates": [ 89.892388875395895, 27.481658121654924, 0.000000000004792 ] } },
{ "type": "Feature", "properties": { "name": "Matshikha lhakhang", "descriptio": null, "timestamp": null, "begin": null, "end_": null, "altitudemo": null, "tessellate": -1, "extrude": 0, "visibility": -1, "draworder": 0, "icon": null, "layer": "Point data of RHS in Wangduephodrang", "path": "E:\\BACK UP OF SANGAY'S WORKSPACE\\OFFICE WORK\\NLCS\\NSDI\\NSDI data Integration\\Data for NSDI\\Point Data of Registered HS\\Wangduephodrang (9)\\Point data of RHS in Wangduephodrang.shp" }, "geometry": { "type": "Point", "coordinates": [ 89.891952517848324, 27.408193435350313, 0.000000000004792 ] } },
{ "type": "Feature", "properties": { "name": "kumbu lhakhang", "descriptio": null, "timestamp": null, "begin": null, "end_": null, "altitudemo": null, "tessellate": -1, "extrude": 0, "visibility": -1, "draworder": 0, "icon": null, "layer": "Point data of RHS in Wangduephodrang", "path": "E:\\BACK UP OF SANGAY'S WORKSPACE\\OFFICE WORK\\NLCS\\NSDI\\NSDI data Integration\\Data for NSDI\\Point Data of Registered HS\\Wangduephodrang (9)\\Point data of RHS in Wangduephodrang.shp" }, "geometry": { "type": "Point", "coordinates": [ 90.177950346917825, 27.510544638374871, 0.000000000004792 ] } },
{ "type": "Feature", "properties": { "name": "Gangtey Village", "descriptio": null, "timestamp": null, "begin": null, "end_": null, "altitudemo": null, "tessellate": -1, "extrude": 0, "visibility": -1, "draworder": 0, "icon": null, "layer": "Point data of RHS in Wangduephodrang", "path": "E:\\BACK UP OF SANGAY'S WORKSPACE\\OFFICE WORK\\NLCS\\NSDI\\NSDI data Integration\\Data for NSDI\\Point Data of Registered HS\\Wangduephodrang (9)\\Point data of RHS in Wangduephodrang.shp" }, "geometry": { "type": "Point", "coordinates": [ 90.165589533998258, 27.48941996040125, 0.000000000004792 ] } },
{ "type": "Feature", "properties": { "name": "Sewgang lhakhang", "descriptio": null, "timestamp": null, "begin": null, "end_": null, "altitudemo": null, "tessellate": -1, "extrude": 0, "visibility": -1, "draworder": 0, "icon": null, "layer": "Point data of RHS in Wangduephodrang", "path": "E:\\BACK UP OF SANGAY'S WORKSPACE\\OFFICE WORK\\NLCS\\NSDI\\NSDI data Integration\\Data for NSDI\\Point Data of Registered HS\\Wangduephodrang (9)\\Point data of RHS in Wangduephodrang.shp" }, "geometry": { "type": "Point", "coordinates": [ 89.99315206358574, 27.526410098636635, 0.000000000004792 ] } },
{ "type": "Feature", "properties": { "name": "Zhemgang Dzong", "descriptio": null, "timestamp": null, "begin": null, "end_": null, "altitudemo": null, "tessellate": -1, "extrude": 0, "visibility": -1, "draworder": 0, "icon": null, "layer": "Point data of RHS in Zhemgang", "path": "E:\\BACK UP OF SANGAY'S WORKSPACE\\OFFICE WORK\\NLCS\\NSDI\\NSDI data Integration\\Data for NSDI\\Point Data of Registered HS\\Zhemgang (5)\\Point data of RHS in Zhemgang.shp" }, "geometry": { "type": "Point", "coordinates": [ 90.654907737951888, 27.213288771955426, 0.000000000004792 ] } },
{ "type": "Feature", "properties": { "name": "Trong village", "descriptio": null, "timestamp": null, "begin": null, "end_": null, "altitudemo": null, "tessellate": -1, "extrude": 0, "visibility": -1, "draworder": 0, "icon": null, "layer": "Point data of RHS in Zhemgang", "path": "E:\\BACK UP OF SANGAY'S WORKSPACE\\OFFICE WORK\\NLCS\\NSDI\\NSDI data Integration\\Data for NSDI\\Point Data of Registered HS\\Zhemgang (5)\\Point data of RHS in Zhemgang.shp" }, "geometry": { "type": "Point", "coordinates": [ 90.65841567620437, 27.214946731018628, 0.000000000004792 ] } },
{ "type": "Feature", "properties": { "name": "Buli village", "descriptio": null, "timestamp": null, "begin": null, "end_": null, "altitudemo": null, "tessellate": -1, "extrude": 0, "visibility": -1, "draworder": 0, "icon": null, "layer": "Point data of RHS in Zhemgang", "path": "E:\\BACK UP OF SANGAY'S WORKSPACE\\OFFICE WORK\\NLCS\\NSDI\\NSDI data Integration\\Data for NSDI\\Point Data of Registered HS\\Zhemgang (5)\\Point data of RHS in Zhemgang.shp" }, "geometry": { "type": "Point", "coordinates": [ 90.819108298606139, 27.16614888531139, 0.000000000004792 ] } },
{ "type": "Feature", "properties": { "name": "Gomphu lhakhang", "descriptio": null, "timestamp": null, "begin": null, "end_": null, "altitudemo": null, "tessellate": -1, "extrude": 0, "visibility": -1, "draworder": 0, "icon": null, "layer": "Point data of RHS in Zhemgang", "path": "E:\\BACK UP OF SANGAY'S WORKSPACE\\OFFICE WORK\\NLCS\\NSDI\\NSDI data Integration\\Data for NSDI\\Point Data of Registered HS\\Zhemgang (5)\\Point data of RHS in Zhemgang.shp" }, "geometry": { "type": "Point", "coordinates": [ 90.795078256059796, 27.028794698473341, 0.000000000004792 ] } },
{ "type": "Feature", "properties": { "name": "Duemang Tsachu", "descriptio": null, "timestamp": null, "begin": null, "end_": null, "altitudemo": null, "tessellate": -1, "extrude": 0, "visibility": -1, "draworder": 0, "icon": null, "layer": "Point data of RHS in Zhemgang", "path": "E:\\BACK UP OF SANGAY'S WORKSPACE\\OFFICE WORK\\NLCS\\NSDI\\NSDI data Integration\\Data for NSDI\\Point Data of Registered HS\\Zhemgang (5)\\Point data of RHS in Zhemgang.shp" }, "geometry": { "type": "Point", "coordinates": [ 90.813081068377016, 27.045531138187961, 0.000000000004792 ] } },
{ "type": "Feature", "properties": { "name": "Larjab Drakar choling lhakhang", "descriptio": null, "timestamp": null, "begin": null, "end_": null, "altitudemo": null, "tessellate": -1, "extrude": 0, "visibility": -1, "draworder": 0, "icon": null, "layer": "Pont data of RHS in Mongar", "path": "E:\\BACK UP OF SANGAY'S WORKSPACE\\OFFICE WORK\\NLCS\\NSDI\\NSDI data Integration\\Data for NSDI\\Point Data of Registered HS\\Mongar (10)\\Pont data of RHS in Mongar.shp" }, "geometry": { "type": "Point", "coordinates": [ 91.303977777574886, 27.250949999066648, 0.000000000004792 ] } },
{ "type": "Feature", "properties": { "name": "Samtencholing Lhakhang", "descriptio": null, "timestamp": null, "begin": null, "end_": null, "altitudemo": null, "tessellate": -1, "extrude": 0, "visibility": -1, "draworder": 0, "icon": null, "layer": "Pont data of RHS in Mongar", "path": "E:\\BACK UP OF SANGAY'S WORKSPACE\\OFFICE WORK\\NLCS\\NSDI\\NSDI data Integration\\Data for NSDI\\Point Data of Registered HS\\Mongar (10)\\Pont data of RHS in Mongar.shp" }, "geometry": { "type": "Point", "coordinates": [ 91.227511110872214, 27.370369443603629, 0.000000000004792 ] } },
{ "type": "Feature", "properties": { "name": "Pungchala lhakhang", "descriptio": null, "timestamp": null, "begin": null, "end_": null, "altitudemo": null, "tessellate": -1, "extrude": 0, "visibility": -1, "draworder": 0, "icon": null, "layer": "Pont data of RHS in Mongar", "path": "E:\\BACK UP OF SANGAY'S WORKSPACE\\OFFICE WORK\\NLCS\\NSDI\\NSDI data Integration\\Data for NSDI\\Point Data of Registered HS\\Mongar (10)\\Pont data of RHS in Mongar.shp" }, "geometry": { "type": "Point", "coordinates": [ 91.225835616323408, 27.249149629703464, 0.000000000004792 ] } },
{ "type": "Feature", "properties": { "name": "Mongar Dzong", "descriptio": null, "timestamp": null, "begin": null, "end_": null, "altitudemo": null, "tessellate": -1, "extrude": 0, "visibility": -1, "draworder": 0, "icon": null, "layer": "Pont data of RHS in Mongar", "path": "E:\\BACK UP OF SANGAY'S WORKSPACE\\OFFICE WORK\\NLCS\\NSDI\\NSDI data Integration\\Data for NSDI\\Point Data of Registered HS\\Mongar (10)\\Pont data of RHS in Mongar.shp" }, "geometry": { "type": "Point", "coordinates": [ 91.240506370639295, 27.275585061426604, 0.000000000004792 ] } },
{ "type": "Feature", "properties": { "name": "Yakgang Sangngachoeling lhakhang", "descriptio": null, "timestamp": null, "begin": null, "end_": null, "altitudemo": null, "tessellate": -1, "extrude": 0, "visibility": -1, "draworder": 0, "icon": null, "layer": "Pont data of RHS in Mongar", "path": "E:\\BACK UP OF SANGAY'S WORKSPACE\\OFFICE WORK\\NLCS\\NSDI\\NSDI data Integration\\Data for NSDI\\Point Data of Registered HS\\Mongar (10)\\Pont data of RHS in Mongar.shp" }, "geometry": { "type": "Point", "coordinates": [ 91.229211827419235, 27.264004706897538, 0.000000000004792 ] } },
{ "type": "Feature", "properties": { "name": "Aja Ney", "descriptio": null, "timestamp": null, "begin": null, "end_": null, "altitudemo": null, "tessellate": -1, "extrude": 0, "visibility": -1, "draworder": 0, "icon": null, "layer": "Pont data of RHS in Mongar", "path": "E:\\BACK UP OF SANGAY'S WORKSPACE\\OFFICE WORK\\NLCS\\NSDI\\NSDI data Integration\\Data for NSDI\\Point Data of Registered HS\\Mongar (10)\\Pont data of RHS in Mongar.shp" }, "geometry": { "type": "Point", "coordinates": [ 91.189546309112131, 27.334846060279212, 0.000000000004792 ] } },
{ "type": "Feature", "properties": { "name": "Dungkar Goenpa lhakhang", "descriptio": null, "timestamp": null, "begin": null, "end_": null, "altitudemo": null, "tessellate": -1, "extrude": 0, "visibility": -1, "draworder": 0, "icon": null, "layer": "Pont data of RHS in Mongar", "path": "E:\\BACK UP OF SANGAY'S WORKSPACE\\OFFICE WORK\\NLCS\\NSDI\\NSDI data Integration\\Data for NSDI\\Point Data of Registered HS\\Mongar (10)\\Pont data of RHS in Mongar.shp" }, "geometry": { "type": "Point", "coordinates": [ 91.313492954049835, 27.103933444156343, 0.000000000004792 ] } },
{ "type": "Feature", "properties": { "name": "Zhongar Dzong Ruins", "descriptio": null, "timestamp": null, "begin": null, "end_": null, "altitudemo": null, "tessellate": -1, "extrude": 0, "visibility": -1, "draworder": 0, "icon": null, "layer": "Pont data of RHS in Mongar", "path": "E:\\BACK UP OF SANGAY'S WORKSPACE\\OFFICE WORK\\NLCS\\NSDI\\NSDI data Integration\\Data for NSDI\\Point Data of Registered HS\\Mongar (10)\\Pont data of RHS in Mongar.shp" }, "geometry": { "type": "Point", "coordinates": [ 91.143939010122338, 27.271308097484894, 0.000000000004792 ] } },
{ "type": "Feature", "properties": { "name": "Wengkhar Nagtshang Lhakhang", "descriptio": null, "timestamp": null, "begin": null, "end_": null, "altitudemo": null, "tessellate": -1, "extrude": 0, "visibility": -1, "draworder": 0, "icon": null, "layer": "Pont data of RHS in Mongar", "path": "E:\\BACK UP OF SANGAY'S WORKSPACE\\OFFICE WORK\\NLCS\\NSDI\\NSDI data Integration\\Data for NSDI\\Point Data of Registered HS\\Mongar (10)\\Pont data of RHS in Mongar.shp" }, "geometry": { "type": "Point", "coordinates": [ 91.273223454359751, 27.268965387851491, 0.000000000004792 ] } },
{ "type": "Feature", "properties": { "name": "Tsakaling Nagtshang", "descriptio": null, "timestamp": null, "begin": null, "end_": null, "altitudemo": null, "tessellate": -1, "extrude": 0, "visibility": -1, "draworder": 0, "icon": null, "layer": "Pont data of RHS in Mongar", "path": "E:\\BACK UP OF SANGAY'S WORKSPACE\\OFFICE WORK\\NLCS\\NSDI\\NSDI data Integration\\Data for NSDI\\Point Data of Registered HS\\Mongar (10)\\Pont data of RHS in Mongar.shp" }, "geometry": { "type": "Point", "coordinates": [ 91.22760931469908, 27.370203698573526, 0.000000000004792 ] } }
]
}
